wkt_geom,DHSID,DHSCC,DHSYEAR,DHSCLUST,CCFIPS,ADM1DHS,ADM1NAME,DHSREGCO,DHSREGNA,SOURCE,URBAN_RURA,LATNUM,LONGNUM,ALT_GPS,ALT_DEM,DATUM,n_mines,avg_dist,close_dist
Point (32.06630800000004911 -13.89568499999995765),ZM201800000001,ZM,2018,1,ZM,3,Eastern,3,Eastern,GPS,R,-13.895685,32.066308,745,1047,WGS84,0,577.4970506,172.3418859
Point (28.73624800000004598 -13.41920899999996664),ZM201800000002,ZM,2018,2,ZM,2,Copperbelt,2,Copperbelt,GPS,R,-13.419209,28.736248,1308,1305,WGS84,8,452.0592178,42.02322605
Point (31.13253800000006777 -8.75405499999993708),ZM201800000003,ZM,2018,3,ZM,7,Northern,7,Northern,GPS,U,-8.754055,31.132538,9999,780,WGS84,0,792.9652966,204.7324211
Point (28.44929900000005318 -14.41911199999992732),ZM201800000004,ZM,2018,4,ZM,1,Central,1,Central,GPS,U,-14.419112,28.449299,1181,1185,WGS84,2,456.9195957,4.660301673
Point (29.96905200000003333 -12.67727499999995189),ZM201800000005,ZM,2018,5,ZM,1,Central,1,Central,GPS,R,-12.677275,29.969052,1224,1197,WGS84,0,502.4550701,121.6046817
Point (32.74745300000006409 -9.31905399999993733),ZM201800000006,ZM,2018,6,ZM,6,Muchinga,6,Muchinga,GPS,U,-9.319054,32.747453,1635,1657,WGS84,0,827.0728328,68.68123365
Point (28.70363900000006652 -16.52396599999997306),ZM201800000007,ZM,2018,7,ZM,9,Southern,9,Southern,GPS,U,-16.523966,28.703639,523,527,WGS84,0,497.3380528,80.37261615
Point (25.1706330000000662 -17.73199699999997847),ZM201800000008,ZM,2018,8,ZM,9,Southern,9,Southern,GPS,R,-17.731997,25.170633,926,932,WGS84,0,693.9513437,150.4805091
Point (28.68758200000007719 -13.56401499999992666),ZM201800000009,ZM,2018,9,ZM,2,Copperbelt,2,Copperbelt,GPS,R,-13.564015,28.687582,1017,1291,WGS84,0,451.5233765,58.07628047
Point (25.83531700000003184 -17.86233599999997068),ZM201800000010,ZM,2018,10,ZM,9,Southern,9,Southern,GPS,U,-17.862336,25.835317,887,908,WGS84,0,658.5289746,83.51926754
Point (31.00999900000005027 -12.67926199999993742),ZM201800000011,ZM,2018,11,ZM,6,Muchinga,6,Muchinga,GPS,R,-12.679262,31.009999,1450,1574,WGS84,0,549.4909446,200.911829
Point (33.21850300000005518 -12.39080099999995355),ZM201800000012,ZM,2018,12,ZM,3,Eastern,3,Eastern,GPS,R,-12.390801,33.218503,1193,1170,WGS84,2,689.2192321,36.51698342
Point (29.4741430000000264 -10.75179099999996879),ZM201800000013,ZM,2018,13,ZM,7,Northern,7,Northern,GPS,R,-10.751791,29.474143,1201,1232,WGS84,1,581.1075453,47.76849239
Point (31.26560000000006312 -8.86176399999993691),ZM201800000014,ZM,2018,14,ZM,7,Northern,7,Northern,GPS,R,-8.861764,31.2656,9999,1563,WGS84,0,789.5477965,193.5468911
Point (29.60284400000006144 -13.64070399999997107),ZM201800000015,ZM,2018,15,ZM,1,Central,1,Central,GPS,R,-13.640704,29.602844,1091,1431,WGS84,1,470.5285193,17.58423646
Point (28.65796600000004446 -10.51977299999992965),ZM201800000016,ZM,2018,16,ZM,4,Luapula,4,Luapula,GPS,U,-10.519773,28.657966,967,969,WGS84,0,578.9172686,53.34609092
Point (29.53912300000007463 -11.51650099999994836),ZM201800000017,ZM,2018,17,ZM,4,Luapula,4,Luapula,GPS,R,-11.516501,29.539123,1206,1215,WGS84,0,535.8915487,86.73495421
Point (22.03566600000004883 -15.24197099999997818),ZM201800000018,ZM,2018,18,ZM,10,Western,10,Western,GPS,R,-15.241971,22.035666,1023,1049,WGS84,0,864.1679885,484.3848245
Point (26.40612300000003643 -12.18093099999993001),ZM201800000020,ZM,2018,20,ZM,8,North Western,8,North Western,GPS,U,-12.180931,26.406123,1345,1348,WGS84,5,523.4694777,10.02985545
Point (31.35588000000007014 -11.29182799999995268),ZM201800000021,ZM,2018,21,ZM,6,Muchinga,6,Muchinga,GPS,R,-11.291828,31.35588,1086,1389,WGS84,0,627.1110305,238.0813373
Point (31.36075700000003508 -8.85799299999996492),ZM201800000022,ZM,2018,22,ZM,7,Northern,7,Northern,GPS,U,-8.857993,31.360757,9999,1629,WGS84,0,793.8595457,183.4256462
Point (30.51587200000005851 -11.59309899999993831),ZM201800000023,ZM,2018,23,ZM,6,Muchinga,6,Muchinga,GPS,R,-11.593099,30.515872,1172,1177,WGS84,0,570.8753417,182.5817788
Point (28.56271500000002561 -14.04894599999994398),ZM201800000024,ZM,2018,24,ZM,1,Central,1,Central,GPS,R,-14.048946,28.562715,1243,1228,WGS84,2,453.2489823,47.60984865
Point (32.82581000000004678 -14.01875999999992928),ZM201800000025,ZM,2018,25,ZM,3,Eastern,3,Eastern,GPS,R,-14.01876,32.82581,885,902,WGS84,0,622.0121263,152.2090257
Point (31.12506300000006831 -8.76397999999994681),ZM201800000026,ZM,2018,26,ZM,7,Northern,7,Northern,GPS,U,-8.76398,31.125063,9999,811,WGS84,0,791.8439085,205.7713476
Point (24.78735700000004272 -13.16563799999994444),ZM201800000027,ZM,2018,27,ZM,8,North Western,8,North Western,GAZ,R,-13.165638,24.787357,9999,1170,WGS84,0,619.9635836,115.4206499
Point (28.71047400000003336 -15.50466399999993428),ZM201800000028,ZM,2018,28,ZM,5,Lusaka,5,Lusaka,GPS,R,-15.504664,28.710474,1109,1075,WGS84,2,472.4801949,47.34392179
Point (28.28197000000005801 -15.4296179999999481),ZM201800000029,ZM,2018,29,ZM,5,Lusaka,5,Lusaka,GPS,U,-15.429618,28.28197,1283,1280,WGS84,5,474.2763491,13.04829316
Point (22.73359600000003411 -13.06565099999994572),ZM201800000030,ZM,2018,30,ZM,8,North Western,8,North Western,GPS,R,-13.065651,22.733596,9999,1094,WGS84,0,795.3756281,292.710246
Point (27.96515700000003335 -15.82115099999992935),ZM201800000031,ZM,2018,31,ZM,9,Southern,9,Southern,GPS,R,-15.821151,27.965157,996,1005,WGS84,8,489.0032721,21.09170441
Point (31.69301200000006702 -14.06852399999996805),ZM201800000032,ZM,2018,32,ZM,3,Eastern,3,Eastern,GPS,R,-14.068524,31.693012,967,982,WGS84,0,554.3047358,213.1133509
Point (28.89465300000006209 -11.18957299999993893),ZM201800000034,ZM,2018,34,ZM,4,Luapula,4,Luapula,GPS,U,-11.189573,28.894653,1244,1229,WGS84,3,536.5252344,7.714142263
Point (28.26736700000003566 -15.36958599999996977),ZM201800000035,ZM,2018,35,ZM,5,Lusaka,5,Lusaka,GPS,U,-15.369586,28.267367,1229,1233,WGS84,5,473.3239523,19.67422134
Point (28.84548800000004576 -12.08053199999994831),ZM201800000036,ZM,2018,36,ZM,4,Luapula,4,Luapula,GPS,R,-12.080532,28.845488,772,1091,WGS84,0,486.6126307,82.74327733
Point (31.07485000000002628 -9.73637299999995776),ZM201800000037,ZM,2018,37,ZM,7,Northern,7,Northern,GPS,R,-9.736373,31.07485,1114,1393,WGS84,0,713.4093665,252.8253521
Point (28.41841200000004619 -13.35206299999993007),ZM201800000038,ZM,2018,38,ZM,2,Copperbelt,2,Copperbelt,GPS,R,-13.352063,28.418412,683,1201,WGS84,9,449.2613087,33.08294264
Point (29.71897700000005216 -8.46111999999993714),ZM201800000039,ZM,2018,39,ZM,7,Northern,7,Northern,GPS,R,-8.46112,29.718977,975,963,WGS84,0,772.9167447,56.25268542
Point (28.88898200000005545 -11.22173899999995683),ZM201800000040,ZM,2018,40,ZM,4,Luapula,4,Luapula,GPS,U,-11.221739,28.888982,1230,1228,WGS84,3,534.3748717,9.935709363
Point (31.66775800000004892 -9.97311799999994264),ZM201800000041,ZM,2018,41,ZM,7,Northern,7,Northern,GPS,R,-9.973118,31.667758,1237,1241,WGS84,0,724.0973968,207.3885816
Point (24.45505600000007007 -16.29888599999998178),ZM201800000042,ZM,2018,42,ZM,10,Western,10,Western,GPS,R,-16.298886,24.455056,1040,1030,WGS84,0,687.7547977,301.3982967
Point (28.28451100000006591 -15.37319699999994782),ZM201800000043,ZM,2018,43,ZM,5,Lusaka,5,Lusaka,GPS,U,-15.373197,28.284511,1231,1238,WGS84,5,473.1698264,19.32478385
Point (28.18750300000004927 -15.38968399999993153),ZM201800000044,ZM,2018,44,ZM,5,Lusaka,5,Lusaka,GPS,R,-15.389684,28.187503,1247,1238,WGS84,5,474.8556227,14.99988767
Point (23.18037800000007564 -15.32521799999994982),ZM201800000045,ZM,2018,45,ZM,10,Western,10,Western,GPS,R,-15.325218,23.180378,1034,1021,WGS84,0,765.1134181,410.9998514
Point (27.0735400000000368 -17.14886099999995395),ZM201800000046,ZM,2018,46,ZM,9,Southern,9,Southern,GPS,R,-17.148861,27.07354,1280,1307,WGS84,2,562.9732451,24.82968339
Point (25.28436000000004924 -14.76739999999995234),ZM201800000047,ZM,2018,47,ZM,10,Western,10,Western,GPS,R,-14.7674,25.28436,1187,1186,WGS84,0,592.9560767,279.2849342
Point (26.85604900000004136 -15.01433499999996002),ZM201800000048,ZM,2018,48,ZM,1,Central,1,Central,GPS,R,-15.014335,26.856049,1099,1120,WGS84,0,508.1692756,124.9252361
Point (28.24741100000005645 -15.27877699999993411),ZM201800000049,ZM,2018,49,ZM,1,Central,1,Central,GPS,R,-15.278777,28.247411,1197,1192,WGS84,4,471.9064505,28.53555138
Point (26.39755800000006047 -12.1920669999999518),ZM201800000050,ZM,2018,50,ZM,8,North Western,8,North Western,GPS,U,-12.192067,26.397558,9999,1310,WGS84,5,523.683911,11.48098258
Point (31.33336200000007921 -9.9483349999999291),ZM201800000051,ZM,2018,51,ZM,7,Northern,7,Northern,GPS,R,-9.948335,31.333362,1041,1355,WGS84,0,709.7516924,237.5102696
Point (24.96380900000002612 -11.87856299999992871),ZM201800000052,ZM,2018,52,ZM,8,North Western,8,North Western,GPS,R,-11.878563,24.963809,9999,1440,WGS84,0,627.0023529,55.72990747
Point (29.75301100000007182 -8.81615899999997055),ZM201800000053,ZM,2018,53,ZM,7,Northern,7,Northern,GPS,R,-8.816159,29.753011,429,968,WGS84,0,742.0653402,80.77659001
Point (23.12012700000002496 -15.27597899999994979),ZM201800000054,ZM,2018,54,ZM,10,Western,10,Western,GPS,U,-15.275979,23.120127,1018,1014,WGS84,0,769.3666561,410.1786233
Point (32.58754300000003923 -13.64089899999993349),ZM201800000055,ZM,2018,55,ZM,3,Eastern,3,Eastern,GPS,R,-13.640899,32.587543,831,1055,WGS84,0,613.3334902,118.7953317
Point (28.36075000000005275 -15.40014599999994971),ZM201800000056,ZM,2018,56,ZM,5,Lusaka,5,Lusaka,GPS,U,-15.400146,28.36075,1284,1262,WGS84,5,472.7885814,18.91215397
Point (25.86629400000003898 -17.86564199999997982),ZM201800000057,ZM,2018,57,ZM,9,Southern,9,Southern,GPS,U,-17.865642,25.866294,907,913,WGS84,0,656.8500897,80.80774135
Point (28.09226100000006454 -14.72080199999993511),ZM201800000058,ZM,2018,58,ZM,1,Central,1,Central,GPS,R,-14.720802,28.092261,1152,1177,WGS84,2,464.7618214,47.14860893
Point (30.01873800000004167 -10.83146599999997761),ZM201800000059,ZM,2018,59,ZM,7,Northern,7,Northern,GPS,R,-10.831466,30.018738,939,1174,WGS84,0,594.3386721,106.7360431
Point (30.41960700000004181 -12.73440199999993183),ZM201800000060,ZM,2018,60,ZM,1,Central,1,Central,GPS,R,-12.734402,30.419607,965,1382,WGS84,0,519.8698743,146.4024535
Point (27.3195140000000265 -14.92766299999993862),ZM201800000061,ZM,2018,61,ZM,1,Central,1,Central,GPS,R,-14.927663,27.319514,1230,1243,WGS84,0,488.1334326,89.18465062
Point (28.74595300000004272 -15.28408899999993764),ZM201800000062,ZM,2018,62,ZM,5,Lusaka,5,Lusaka,GPS,R,-15.284089,28.745953,1124,1135,WGS84,0,468.4725711,58.70981824
Point (28.22691700000007131 -12.7571479999999724),ZM201800000063,ZM,2018,63,ZM,2,Copperbelt,2,Copperbelt,GPS,U,-12.757148,28.226917,517,1214,WGS84,46,451.6484859,6.84360773
Point (24.41142700000006016 -11.73123999999995704),ZM201800000064,ZM,2018,64,ZM,8,North Western,8,North Western,GPS,U,-11.73124,24.411427,1276,1360,WGS84,0,675.5421405,112.9763053
Point (29.55903600000004872 -10.9291229999999473),ZM201800000066,ZM,2018,66,ZM,4,Luapula,4,Luapula,GPS,R,-10.929123,29.559036,1238,1226,WGS84,0,571.9271472,57.8773332
Point (29.63924900000006346 -10.93838199999993321),ZM201800000067,ZM,2018,67,ZM,4,Luapula,4,Luapula,GPS,R,-10.938382,29.639249,1175,1218,WGS84,0,573.9639621,66.65828814
Point (23.13520100000005186 -15.27029899999996587),ZM201800000068,ZM,2018,68,ZM,10,Western,10,Western,GPS,U,-15.270299,23.135201,1020,1044,WGS84,0,767.9871965,408.7294211
Point (28.76739000000003443 -13.08950199999998176),ZM201800000069,ZM,2018,69,ZM,2,Copperbelt,2,Copperbelt,GPS,U,-13.089502,28.76739,997,1336,WGS84,12,454.1850875,7.119847106
Point (31.18381000000005088 -10.25424799999996139),ZM201800000070,ZM,2018,70,ZM,7,Northern,7,Northern,GPS,U,-10.254248,31.18381,1288,1297,WGS84,0,681.6679099,242.413061
Point (29.89729300000004741 -10.79169099999995751),ZM201800000071,ZM,2018,71,ZM,7,Northern,7,Northern,GPS,R,-10.791691,29.897293,745,1175,WGS84,0,592.4815408,93.49959917
Point (24.41597500000005994 -11.76527099999992743),ZM201800000072,ZM,2018,72,ZM,8,North Western,8,North Western,GPS,R,-11.765271,24.415975,155,1391,WGS84,0,674.1357038,110.6304529
Point (24.07580400000006193 -10.95674099999996542),ZM201800000073,ZM,2018,73,ZM,8,North Western,8,North Western,GPS,R,-10.956741,24.075804,1292,1289,WGS84,0,733.1093773,142.5687831
Point (28.69063100000005306 -13.30519799999996167),ZM201800000074,ZM,2018,74,ZM,2,Copperbelt,2,Copperbelt,GPS,R,-13.305198,28.690631,1242,1220,WGS84,12,451.6383414,29.31139454
Point (30.13650000000006912 -11.36019499999997606),ZM201800000075,ZM,2018,75,ZM,4,Luapula,4,Luapula,GPS,R,-11.360195,30.1365,9999,1172,WGS84,0,567.041152,133.9405387
Point (25.87318300000004001 -17.87696399999992991),ZM201800000076,ZM,2018,76,ZM,9,Southern,9,Southern,GPS,U,-17.876964,25.873183,891,896,WGS84,0,657.0020553,79.42603077
Point (28.75498100000004342 -12.97576899999995703),ZM201800000077,ZM,2018,77,ZM,2,Copperbelt,2,Copperbelt,GPS,R,-12.975769,28.754981,1261,1247,WGS84,13,455.3249702,3.33700767
Point (28.17212000000006356 -12.7320039999999608),ZM201800000078,ZM,2018,78,ZM,2,Copperbelt,2,Copperbelt,GPS,U,-12.732004,28.17212,1238,1230,WGS84,48,452.091108,4.991145756
Point (32.05305100000003904 -14.04203999999992902),ZM201800000079,ZM,2018,79,ZM,3,Eastern,3,Eastern,GPS,U,-14.04204,32.053051,1062,1061,WGS84,0,574.5820498,186.3267456
Point (29.01215900000005377 -9.01027399999998124),ZM201800000080,ZM,2018,80,ZM,4,Luapula,4,Luapula,GPS,R,-9.010274,29.012159,951,959,WGS84,0,709.6043826,82.35441093
Point (32.72965800000002901 -9.35676199999994651),ZM201800000081,ZM,2018,81,ZM,6,Muchinga,6,Muchinga,GPS,R,-9.356762,32.729658,9999,1654,WGS84,0,823.3768046,72.81993217
Point (32.01233400000006668 -13.31005999999996448),ZM201800000082,ZM,2018,82,ZM,3,Eastern,3,Eastern,GPS,R,-13.31006,32.012334,540,588,WGS84,0,585.8528294,131.9309719
Point (28.89899600000006785 -11.19216799999998102),ZM201800000083,ZM,2018,83,ZM,4,Luapula,4,Luapula,GPS,U,-11.192168,28.898996,1201,1195,WGS84,3,536.4617532,8.266014392
Point (32.8260590000000434 -12.54965699999996787),ZM201800000084,ZM,2018,84,ZM,3,Eastern,3,Eastern,GPS,R,-12.549657,32.826059,375,1020,WGS84,2,657.5914166,25.99788857
Point (25.69913200000007691 -17.45004699999992681),ZM201800000085,ZM,2018,85,ZM,9,Southern,9,Southern,GPS,R,-17.450047,25.699132,952,1026,WGS84,0,647.4169375,126.4006692
Point (22.45329400000002806 -16.54635499999994863),ZM201800000086,ZM,2018,86,ZM,10,Western,10,Western,GPS,R,-16.546355,22.453294,801,1023,WGS84,0,855.9402653,467.8143217
Point (28.41729900000007092 -14.42094299999996565),ZM201800000087,ZM,2018,87,ZM,1,Central,1,Central,GPS,U,-14.420943,28.417299,1196,1196,WGS84,2,457.0978473,4.762205561
Point (31.19811300000003484 -10.20383299999997462),ZM201800000088,ZM,2018,88,ZM,7,Northern,7,Northern,GPS,U,-10.203833,31.198113,1374,1401,WGS84,0,685.7524137,245.4389907
Point (23.19840100000004668 -14.85613399999994044),ZM201800000089,ZM,2018,89,ZM,10,Western,10,Western,GPS,R,-14.856134,23.198401,807,1031,WGS84,0,756.4531555,367.7575978
Point (32.69115400000004001 -13.28507499999994934),ZM201800000090,ZM,2018,90,ZM,3,Eastern,3,Eastern,GPS,R,-13.285075,32.691154,935,973,WGS84,0,627.6224756,78.3112956
Point (30.12578700000005938 -10.06733599999995477),ZM201800000091,ZM,2018,91,ZM,7,Northern,7,Northern,GPS,R,-10.067336,30.125787,1002,1413,WGS84,0,651.4615885,144.8806225
Point (28.73123753832709681 -9.31493962109621876),ZM201800000092,ZM,2018,92,ZM,4,Luapula,4,Luapula,GPS,U,-9.314939621,28.73123754,947,934,WGS84,0,678.7841107,68.98848258
Point (23.21343700000005583 -15.43996499999997241),ZM201800000093,ZM,2018,93,ZM,10,Western,10,Western,GPS,U,-15.439965,23.213437,1038,1017,WGS84,0,764.4435718,419.6998869
Point (28.59380200000003924 -13.20140599999996311),ZM201800000094,ZM,2018,94,ZM,2,Copperbelt,2,Copperbelt,GPS,R,-13.201406,28.593802,1224,1223,WGS84,12,450.666447,20.31251081
Point (22.18988800000005313 -16.46651999999994587),ZM201800000095,ZM,2018,95,ZM,10,Western,10,Western,GPS,R,-16.46652,22.189888,805,1029,WGS84,0,876.4139177,496.9729893
Point (26.85195300000003726 -12.92772399999995514),ZM201800000096,ZM,2018,96,ZM,8,North Western,8,North Western,GPS,R,-12.927724,26.851953,1199,1193,WGS84,0,490.0810273,103.4627999
Point (28.10145400000004656 -15.54444699999993418),ZM201800000097,ZM,2018,97,ZM,5,Lusaka,5,Lusaka,GPS,R,-15.544447,28.101454,662,1149,WGS84,8,479.4959884,7.265342067
Point (22.38172600000007151 -14.76748099999997521),ZM201800000098,ZM,2018,98,ZM,10,Western,10,Western,GPS,R,-14.767481,22.381726,1031,1034,WGS84,0,827.1703731,421.4302678
Point (28.4292580000000612 -12.98282399999993686),ZM201800000099,ZM,2018,99,ZM,2,Copperbelt,2,Copperbelt,GPS,U,-12.982824,28.429258,1273,1304,WGS84,32,450.1737389,12.29692731
Point (28.24635800000004338 -12.87759399999993093),ZM201800000100,ZM,2018,100,ZM,2,Copperbelt,2,Copperbelt,GPS,U,-12.877594,28.246358,940,1198,WGS84,40,449.7963853,4.51642874
Point (24.32035400000006575 -13.40411099999994349),ZM201800000101,ZM,2018,101,ZM,8,North Western,8,North Western,GPS,U,-13.404111,24.320354,990,1087,WGS84,0,655.7972884,166.0885801
Point (28.33788600000002589 -15.35323899999997366),ZM201800000102,ZM,2018,102,ZM,5,Lusaka,5,Lusaka,GPS,U,-15.353239,28.337886,747,1248,WGS84,5,472.1594071,22.65942101
Point (23.82513700000004064 -14.7934339999999338),ZM201800000103,ZM,2018,103,ZM,10,Western,10,Western,GPS,R,-14.793434,23.825137,1084,1072,WGS84,0,703.2336911,324.1356851
Point (33.40342800000007628 -10.16422099999994089),ZM201800000104,ZM,2018,104,ZM,6,Muchinga,6,Muchinga,GPS,R,-10.164221,33.403428,829,1756,WGS84,3,810.1876032,34.71379406
Point (27.47068900000004987 -16.68365099999994072),ZM201800000105,ZM,2018,105,ZM,9,Southern,9,Southern,GPS,R,-16.683651,27.470689,1080,1018,WGS84,0,530.1797306,53.09985817
Point (27.51943200000005163 -17.07892599999996719),ZM201800000106,ZM,2018,106,ZM,9,Southern,9,Southern,GPS,R,-17.078926,27.519432,517,523,WGS84,2,543.2019002,18.19844383
Point (32.62918600000006109 -13.63572999999996682),ZM201800000107,ZM,2018,107,ZM,3,Eastern,3,Eastern,GPS,U,-13.63573,32.629186,1139,1138,WGS84,0,616.0510268,116.4987556
Point (26.89449200000007068 -17.82324899999997569),ZM201800000108,ZM,2018,108,ZM,9,Southern,9,Southern,GPS,R,-17.823249,26.894492,699,673,WGS84,1,600.9598286,13.76074332
Point (28.69682900000003656 -10.39434499999993022),ZM201800000109,ZM,2018,109,ZM,4,Luapula,4,Luapula,GPS,U,-10.394345,28.696829,973,976,WGS84,0,589.0976062,60.18046956
Point (26.54908300000005283 -16.25464999999996962),ZM201800000110,ZM,2018,110,ZM,9,Southern,9,Southern,GPS,R,-16.25465,26.549083,1170,1172,WGS84,0,554.7698894,132.237071
Point (27.36122400000004973 -17.49653999999998177),ZM201800000111,ZM,2018,111,ZM,9,Southern,9,Southern,GPS,R,-17.49654,27.361224,9999,494,WGS84,2,566.4662479,24.50981889
Point (26.34194400000006908 -12.15156799999994064),ZM201800000112,ZM,2018,112,ZM,8,North Western,8,North Western,GPS,R,-12.151568,26.341944,778,1377,WGS84,5,527.6492501,10.12737951
Point (28.39762900000005175 -14.45682699999997567),ZM201800000113,ZM,2018,113,ZM,1,Central,1,Central,GPS,U,-14.456827,28.397629,1177,1196,WGS84,2,457.6372856,4.247773551
Point (31.83050500000007332 -8.99638199999992594),ZM201800000114,ZM,2018,114,ZM,7,Northern,7,Northern,GPS,R,-8.996382,31.830505,9999,1582,WGS84,0,803.9184596,142.0736707
Point (28.21621700000002875 -13.44691999999997734),ZM201800000115,ZM,2018,115,ZM,2,Copperbelt,2,Copperbelt,GPS,R,-13.44692,28.216217,1189,1188,WGS84,5,449.9395458,40.39781885
Point (27.90536100000002762 -12.54573199999992994),ZM201800000116,ZM,2018,116,ZM,2,Copperbelt,2,Copperbelt,GPS,U,-12.545732,27.905361,1392,1390,WGS84,46,458.7764746,4.080246671
Point (33.244824000000051 -12.47829499999994596),ZM201800000117,ZM,2018,117,ZM,3,Eastern,3,Eastern,GPS,R,-12.478295,33.244824,823,1197,WGS84,2,687.8926683,30.92162757
Point (28.9324447596389227 -9.07255166121510115),ZM201800000118,ZM,2018,118,ZM,4,Luapula,4,Luapula,GPS,R,-9.072551661,28.93244476,9999,925,WGS84,0,702.8609838,75.31477192
Point (28.25605500000006032 -12.79958299999992732),ZM201800000119,ZM,2018,119,ZM,2,Copperbelt,2,Copperbelt,GPS,U,-12.799583,28.256055,865,1178,WGS84,40,450.9648534,7.149358565
Point (25.2832140000000436 -13.6376709999999548),ZM201800000120,ZM,2018,120,ZM,8,North Western,8,North Western,GAZ,R,-13.637671,25.283214,9999,1175,WGS84,0,582.5287538,153.6351013
Point (31.44457500000004302 -14.21062499999993634),ZM201800000121,ZM,2018,121,ZM,3,Eastern,3,Eastern,GPS,R,-14.210625,31.444575,961,967,WGS84,0,539.7640177,225.4514871
Point (28.14312700000004952 -15.77410499999996318),ZM201800000122,ZM,2018,122,ZM,5,Lusaka,5,Lusaka,GPS,U,-15.774105,28.143127,9999,984,WGS84,8,484.0468437,3.913006214
Point (25.04462000000006583 -13.1547989999999686),ZM201800000123,ZM,2018,123,ZM,8,North Western,8,North Western,GPS,U,-13.154799,25.04462,9999,1199,WGS84,0,600.5307291,103.6933183
Point (30.14359600000005912 -13.59706199999993714),ZM201800000124,ZM,2018,124,ZM,1,Central,1,Central,GPS,R,-13.597062,30.143596,1435,1382,WGS84,0,489.5617469,76.20201684
Point (30.10237100000006194 -10.9577919999999267),ZM201800000125,ZM,2018,125,ZM,7,Northern,7,Northern,GPS,R,-10.957792,30.102371,1151,1176,WGS84,0,589.5007504,116.9038868
Point (33.17775000000006003 -12.28665399999994179),ZM201800000126,ZM,2018,126,ZM,3,Eastern,3,Eastern,GPS,U,-12.286654,33.17775,1139,1130,WGS84,2,690.3049941,44.91995725
Point (32.74576400000006515 -13.82908099999997376),ZM201800000127,ZM,2018,127,ZM,3,Eastern,3,Eastern,GPS,R,-13.829081,32.745764,1206,1205,WGS84,0,619.9048322,133.1449797
Point (31.11426400000004833 -14.48224299999992581),ZM201800000128,ZM,2018,128,ZM,3,Eastern,3,Eastern,GPS,R,-14.482243,31.114264,977,989,WGS84,0,521.7449983,203.3834532
Point (24.28429300000004787 -17.46030599999994593),ZM201800000129,ZM,2018,129,ZM,10,Western,10,Western,GPS,U,-17.460306,24.284293,961,988,WGS84,0,743.1931445,248.3486328
Point (28.64833700000002636 -14.96028399999994463),ZM201800000130,ZM,2018,130,ZM,1,Central,1,Central,GPS,R,-14.960284,28.648337,1132,1141,WGS84,0,463.5461546,60.18510736
Point (28.25564600000006976 -15.44734099999993759),ZM201800000131,ZM,2018,131,ZM,5,Lusaka,5,Lusaka,GPS,U,-15.447341,28.255646,9999,1276,WGS84,5,474.9701649,11.14185599
Point (29.48746600000004037 -15.06907699999993611),ZM201800000132,ZM,2018,132,ZM,5,Lusaka,5,Lusaka,GPS,R,-15.069077,29.487466,840,844,WGS84,0,471.1009314,130.5633853
Point (26.80641800000006469 -17.23897399999992786),ZM201800000133,ZM,2018,133,ZM,9,Southern,9,Southern,GPS,R,-17.238974,26.806418,1228,1240,WGS84,1,578.4917972,43.97974245
Point (31.88042400000006182 -14.20361599999995406),ZM201800000134,ZM,2018,134,ZM,3,Eastern,3,Eastern,GPS,R,-14.203616,31.880424,1045,1055,WGS84,0,562.8551083,211.7763573
Point (26.19234300000005078 -17.31477699999993547),ZM201800000135,ZM,2018,135,ZM,9,Southern,9,Southern,GPS,U,-17.314777,26.192343,1233,1239,WGS84,0,612.8705777,84.64594247
Point (28.08270000000004529 -14.4829579999999396),ZM201800000136,ZM,2018,136,ZM,1,Central,1,Central,GPS,R,-14.482958,28.0827,1140,1146,WGS84,2,461.4302043,38.24662545
Point (28.25765600000005406 -15.43589099999996961),ZM201800000137,ZM,2018,137,ZM,5,Lusaka,5,Lusaka,GPS,U,-15.435891,28.257656,151,1280,WGS84,5,474.7202502,12.37670201
Point (26.95684100000005401 -16.82185199999997849),ZM201800000138,ZM,2018,138,ZM,9,Southern,9,Southern,GPS,U,-16.821852,26.956841,1326,1324,WGS84,0,555.3084647,56.77362078
Point (29.52181300000006559 -11.35070599999994556),ZM201800000139,ZM,2018,139,ZM,4,Luapula,4,Luapula,GPS,U,-11.350706,29.521813,1192,1201,WGS84,0,544.6831339,77.89101058
Point (22.88775800000007621 -16.78364899999996851),ZM201800000140,ZM,2018,140,ZM,10,Western,10,Western,GPS,R,-16.783649,22.887758,790,1011,WGS84,0,826.6519012,414.6561825
Point (28.47609400000004598 -15.36055299999998169),ZM201800000141,ZM,2018,141,ZM,5,Lusaka,5,Lusaka,GPS,R,-15.360553,28.476094,1149,1150,WGS84,3,470.9966532,30.19427648
Point (27.97578500000003032 -14.97523299999994606),ZM201800000142,ZM,2018,142,ZM,1,Central,1,Central,GPS,R,-14.975233,27.975785,1145,1143,WGS84,0,470.9969497,57.93665283
Point (28.34002200000003313 -13.10764499999993404),ZM201800000143,ZM,2018,143,ZM,2,Copperbelt,2,Copperbelt,GPS,U,-13.107645,28.340022,714,1242,WGS84,32,448.8205874,4.605919988
Point (31.8470550000000685 -10.17747699999995348),ZM201800000144,ZM,2018,144,ZM,7,Northern,7,Northern,GPS,R,-10.177477,31.847055,878,1234,WGS84,0,719.3863036,200.9337455
Point (26.4183460000000423 -12.18196099999994431),ZM201800000145,ZM,2018,145,ZM,8,North Western,8,North Western,GPS,U,-12.181961,26.418346,757,1343,WGS84,5,522.793287,9.886606734
Point (32.09354100000007293 -14.16191199999997252),ZM201800000146,ZM,2018,146,ZM,3,Eastern,3,Eastern,GPS,R,-14.161912,32.093541,9999,1007,WGS84,0,575.3411923,195.094864
Point (28.59717400000005227 -13.09274799999997185),ZM201800000147,ZM,2018,147,ZM,2,Copperbelt,2,Copperbelt,GPS,U,-13.092748,28.597174,790,1239,WGS84,18,451.2576752,10.74996497
Point (28.31617700000003879 -15.37740599999995084),ZM201800000148,ZM,2018,148,ZM,5,Lusaka,5,Lusaka,GAZ,R,-15.377406,28.316177,944,1002,WGS84,5,472.8604598,19.4191438
Point (28.28355100000004541 -15.37045799999992823),ZM201800000149,ZM,2018,149,ZM,5,Lusaka,5,Lusaka,GPS,U,-15.370458,28.283551,1226,1227,WGS84,5,473.1305327,19.62114924
Point (30.24420400000002473 -13.22762099999994234),ZM201800000150,ZM,2018,150,ZM,1,Central,1,Central,GPS,U,-13.227621,30.244204,769,1418,WGS84,0,499.776695,98.42348817
Point (32.09216300000002775 -10.35224599999997963),ZM201800000151,ZM,2018,151,ZM,6,Muchinga,6,Muchinga,GPS,R,-10.352246,32.092163,1193,1221,WGS84,0,721.0949144,177.450233
Point (26.24607400000007829 -16.71109099999995351),ZM201800000152,ZM,2018,152,ZM,9,Southern,9,Southern,GPS,R,-16.711091,26.246074,1210,1236,WGS84,0,586.0725853,123.4571051
Point (29.11938700000007429 -8.84657699999996794),ZM201800000153,ZM,2018,153,ZM,4,Luapula,4,Luapula,GPS,R,-8.846577,29.119387,1022,992,WGS84,0,725.9738479,61.75798878
Point (32.74887300000006007 -9.29907899999994925),ZM201800000154,ZM,2018,154,ZM,6,Muchinga,6,Muchinga,GPS,U,-9.299079,32.748873,1289,1712,WGS84,0,828.5871084,67.22180597
Point (31.67976800000002413 -14.0878959999999438),ZM201800000155,ZM,2018,155,ZM,3,Eastern,3,Eastern,GPS,R,-14.087896,31.679768,1067,1066,WGS84,0,553.3542133,215.6634816
Point (28.09468200000003435 -13.2178279999999404),ZM201800000156,ZM,2018,156,ZM,2,Copperbelt,2,Copperbelt,GPS,R,-13.217828,28.094682,1192,1210,WGS84,23,449.9582831,14.80673932
Point (32.27431000000007089 -13.74384499999996478),ZM201800000157,ZM,2018,157,ZM,3,Eastern,3,Eastern,GPS,R,-13.743845,32.27431,957,942,WGS84,0,592.2446057,145.4585465
Point (28.74618800000007468 -9.43084799999996903),ZM201800000158,ZM,2018,158,ZM,4,Luapula,4,Luapula,GPS,R,-9.430848,28.746188,936,941,WGS84,0,668.8896782,79.41002397
Point (26.78255500000005895 -16.70816499999995131),ZM201800000159,ZM,2018,159,ZM,9,Southern,9,Southern,GPS,R,-16.708165,26.782555,1375,1379,WGS84,0,558.9853633,79.14835216
Point (29.04049200000002884 -10.82288099999993847),ZM201800000160,ZM,2018,160,ZM,4,Luapula,4,Luapula,GPS,R,-10.822881,29.040492,1280,1271,WGS84,3,564.3123538,0.786688224
Point (29.04617665630483714 -8.56274563680750767),ZM201800000161,ZM,2018,161,ZM,4,Luapula,4,Luapula,GPS,R,-8.562745637,29.04617666,929,930,WGS84,2,750.6797691,35.49269232
Point (28.28702000000004091 -15.45351299999992989),ZM201800000162,ZM,2018,162,ZM,5,Lusaka,5,Lusaka,GPS,U,-15.453513,28.28702,1284,1283,WGS84,5,474.6742281,10.48041862
Point (25.90702300000003788 -12.40359199999994644),ZM201800000163,ZM,2018,163,ZM,8,North Western,8,North Western,GPS,R,-12.403592,25.907023,1306,1332,WGS84,1,548.5514295,21.5493847
Point (24.3557760000000485 -14.98233799999997018),ZM201800000164,ZM,2018,164,ZM,10,Western,10,Western,GPS,R,-14.982338,24.355776,1087,1099,WGS84,0,663.9390677,319.9104256
Point (28.40066600000005792 -14.43567399999994905),ZM201800000165,ZM,2018,165,ZM,1,Central,1,Central,GPS,U,-14.435674,28.400666,1188,1187,WGS84,2,457.3661418,4.711449386
Point (29.11344700000006469 -14.72503699999992932),ZM201800000166,ZM,2018,166,ZM,1,Central,1,Central,GPS,R,-14.725037,29.113447,412,497,WGS84,0,462.6370837,78.58433869
Point (28.41312200000004395 -14.22410299999995686),ZM201800000167,ZM,2018,167,ZM,1,Central,1,Central,GPS,R,-14.224103,28.413122,920,1175,WGS84,2,455.0375436,26.2838798
Point (32.50340700000003835 -13.37763999999992848),ZM201800000168,ZM,2018,168,ZM,3,Eastern,3,Eastern,GPS,R,-13.37764,32.503407,672,840,WGS84,0,613.6607495,97.8965782
Point (29.54138900000003787 -11.37154899999995905),ZM201800000169,ZM,2018,169,ZM,4,Luapula,4,Luapula,GPS,U,-11.371549,29.541389,1183,1184,WGS84,0,544.1363271,80.6209219
Point (28.6547090000000253 -12.93766599999997879),ZM201800000170,ZM,2018,170,ZM,2,Copperbelt,2,Copperbelt,GPS,U,-12.937666,28.654709,1300,1296,WGS84,24,453.9473551,5.564733694
Point (31.00511400000004869 -11.64152999999993199),ZM201800000171,ZM,2018,171,ZM,6,Muchinga,6,Muchinga,GPS,R,-11.64153,31.005114,1245,1311,WGS84,0,591.5111171,233.0385392
Point (26.17080900000007659 -17.05830199999996921),ZM201800000172,ZM,2018,172,ZM,9,Southern,9,Southern,GPS,R,-17.058302,26.170809,1248,1229,WGS84,0,603.4486854,103.7858558
Point (28.44649600000002465 -14.45824399999997922),ZM201800000173,ZM,2018,173,ZM,1,Central,1,Central,GPS,U,-14.458244,28.446496,1172,1182,WGS84,2,457.3711895,1.030602582
Point (28.24815300000005891 -15.37385099999994509),ZM201800000174,ZM,2018,174,ZM,5,Lusaka,5,Lusaka,GPS,U,-15.373851,28.248153,1211,1217,WGS84,5,473.6634227,18.79643138
Point (31.93459900000004836 -10.62734499999993432),ZM201800000175,ZM,2018,175,ZM,6,Muchinga,6,Muchinga,GPS,R,-10.627345,31.934599,1042,1303,WGS84,0,695.5566038,202.6278607
Point (23.11321200000003273 -13.53686599999997497),ZM201800000176,ZM,2018,176,ZM,8,North Western,8,North Western,GPS,U,-13.536866,23.113212,1062,1079,WGS84,0,757.8996388,276.5904749
Point (28.70171100000004571 -15.37277899999997999),ZM201800000177,ZM,2018,177,ZM,5,Lusaka,5,Lusaka,GPS,R,-15.372779,28.701711,1099,1087,WGS84,0,470.081807,50.06691588
Point (28.61107800000007728 -10.1922329999999306),ZM201800000178,ZM,2018,178,ZM,4,Luapula,4,Luapula,GPS,R,-10.192233,28.611078,988,942,WGS84,0,603.7196899,83.85646234
Point (23.96153700000007802 -14.37561199999993278),ZM201800000180,ZM,2018,180,ZM,10,Western,10,Western,GPS,R,-14.375612,23.961537,834,1064,WGS84,0,687.5817336,276.6711682
Point (30.11505400000004329 -15.123175999999944),ZM201800000181,ZM,2018,181,ZM,5,Lusaka,5,Lusaka,GPS,R,-15.123176,30.115054,338,386,WGS84,0,485.196995,167.9370995
Point (28.24312900000006721 -15.39397399999995741),ZM201800000182,ZM,2018,182,ZM,5,Lusaka,5,Lusaka,GPS,U,-15.393974,28.243129,1263,1262,WGS84,5,474.1153314,16.57883091
Point (24.79924900000003163 -11.73144999999993843),ZM201800000183,ZM,2018,183,ZM,8,North Western,8,North Western,GPS,R,-11.73145,24.799249,1492,1471,WGS84,0,644.1293998,79.88140986
Point (33.18924600000002556 -12.27597199999996747),ZM201800000184,ZM,2018,184,ZM,3,Eastern,3,Eastern,GPS,U,-12.275972,33.189246,805,1124,WGS84,2,691.48531,46.47392243
Point (28.43302300000004834 -11.48429499999997461),ZM201800000185,ZM,2018,185,ZM,4,Luapula,4,Luapula,GPS,R,-11.484295,28.433023,1073,1077,WGS84,0,509.955007,57.97317463
Point (29.11018821691849112 -8.79682929522655499),ZM201800000186,ZM,2018,186,ZM,4,Luapula,4,Luapula,GPS,R,-8.784923,29.096959,984,990,WGS84,0,731.1639812,55.67501373
Point (23.16582800000003317 -16.28961099999997941),ZM201800000187,ZM,2018,187,ZM,10,Western,10,Western,GPS,R,-16.289611,23.165828,1006,1003,WGS84,0,788.5678305,416.0427488
Point (28.43503500000002759 -15.33150399999993851),ZM201800000188,ZM,2018,188,ZM,5,Lusaka,5,Lusaka,GPS,R,-15.331504,28.435035,1163,1164,WGS84,3,470.7994987,29.68900281
Point (31.19192300000003115 -10.20939499999997224),ZM201800000189,ZM,2018,189,ZM,7,Northern,7,Northern,GPS,U,-10.209395,31.191923,1063,1354,WGS84,0,685.0865807,244.6153417
Point (28.30938000000003285 -12.48136199999993323),ZM201800000190,ZM,2018,190,ZM,2,Copperbelt,2,Copperbelt,GPS,U,-12.481362,28.30938,1273,1319,WGS84,40,460.1389266,9.614415883
Point (32.66144800000006398 -13.6604059999999663),ZM201800000191,ZM,2018,191,ZM,3,Eastern,3,Eastern,GPS,U,-13.660406,32.661448,162,1221,WGS84,0,617.6100896,117.8026048
Point (25.87517300000007481 -17.84032199999995782),ZM201800000192,ZM,2018,192,ZM,9,Southern,9,Southern,GPS,U,-17.840322,25.875173,920,925,WGS84,0,655.0770149,82.02929128
Point (28.25125400000007403 -12.55886399999997138),ZM201800000193,ZM,2018,193,ZM,2,Copperbelt,2,Copperbelt,GPS,U,-12.558864,28.251254,1297,1289,WGS84,44,456.9728362,3.107017104
Point (28.75942800000007082 -9.82335899999992535),ZM201800000194,ZM,2018,194,ZM,4,Luapula,4,Luapula,GPS,U,-9.823359,28.759428,964,961,WGS84,0,635.8051093,114.644755
Point (28.41816100000005463 -13.13556199999993623),ZM201800000195,ZM,2018,195,ZM,2,Copperbelt,2,Copperbelt,GPS,U,-13.135562,28.418161,167,1246,WGS84,32,449.1906544,12.47001022
Point (31.24090400000005729 -10.14470699999992576),ZM201800000196,ZM,2018,196,ZM,7,Northern,7,Northern,GPS,R,-10.144707,31.240904,729,1374,WGS84,0,691.783747,251.8309112
Point (28.30698000000006687 -15.48944199999993998),ZM201800000197,ZM,2018,197,ZM,5,Lusaka,5,Lusaka,GPS,U,-15.489442,28.30698,1292,1288,WGS84,5,475.1311799,7.429503126
Point (23.20634100000006583 -14.57386599999995269),ZM201800000198,ZM,2018,198,ZM,10,Western,10,Western,GPS,R,-14.573866,23.206341,807,1039,WGS84,0,752.6930005,343.1451895
Point (32.54355300000003126 -13.52999299999993355),ZM201800000199,ZM,2018,199,ZM,3,Eastern,3,Eastern,GPS,R,-13.529993,32.543553,980,985,WGS84,0,612.823253,109.8750285
Point (32.61451900000002979 -13.6184669999999528),ZM201800000200,ZM,2018,200,ZM,3,Eastern,3,Eastern,GPS,U,-13.618467,32.614519,618,1105,WGS84,0,615.4670167,115.3395303
Point (29.39369700000003149 -13.61858299999994415),ZM201800000201,ZM,2018,201,ZM,1,Central,1,Central,GPS,U,-13.618583,29.393697,1271,1268,WGS84,2,464.7362263,5.642412495
Point (27.14597400000002381 -16.13977899999997589),ZM201800000202,ZM,2018,202,ZM,9,Southern,9,Southern,GPS,R,-16.139779,27.145974,797,1008,WGS84,0,524.4014582,107.8397531
Point (22.9223540000000412 -13.81068399999998064),ZM201800000203,ZM,2018,203,ZM,8,North Western,8,North Western,GPS,R,-13.810684,22.922354,1079,1053,WGS84,0,774.2394063,310.275017
Point (30.79281600000007302 -10.74635199999994484),ZM201800000204,ZM,2018,204,ZM,7,Northern,7,Northern,GPS,R,-10.746352,30.792816,966,1226,WGS84,0,631.6930305,191.4715897
Point (31.19521700000007058 -10.21354899999994359),ZM201800000205,ZM,2018,205,ZM,7,Northern,7,Northern,GPS,U,-10.213549,31.195217,1309,1325,WGS84,0,684.9567357,244.8332659
Point (26.82406400000007807 -17.53442699999993692),ZM201800000206,ZM,2018,206,ZM,9,Southern,9,Southern,GPS,R,-17.534427,26.824064,1161,1180,WGS84,2,590.5073806,19.38753234
Point (23.31423500000005333 -16.1070079999999507),ZM201800000207,ZM,2018,207,ZM,10,Western,10,Western,GPS,U,-16.107008,23.314235,806,1027,WGS84,0,771.3362916,414.9920902
Point (27.88632800000004863 -15.69838699999996834),ZM201800000208,ZM,2018,208,ZM,5,Lusaka,5,Lusaka,GPS,R,-15.698387,27.886328,9999,977,WGS84,8,487.8206844,23.06926885
Point (28.43279900000004545 -15.27098799999993162),ZM201800000209,ZM,2018,209,ZM,5,Lusaka,5,Lusaka,GPS,R,-15.270988,28.432799,9999,1116,WGS84,3,469.7319323,35.21753152
Point (27.56935200000003761 -14.72956499999997959),ZM201800000210,ZM,2018,210,ZM,1,Central,1,Central,GPS,R,-14.729565,27.569352,1129,1144,WGS84,0,476.6213314,92.35842457
Point (27.83849000000003571 -12.36608899999993127),ZM201800000211,ZM,2018,211,ZM,2,Copperbelt,2,Copperbelt,GPS,U,-12.366089,27.83849,1320,1328,WGS84,28,465.3229456,1.887415249
Point (28.87759100000005219 -11.17179599999997208),ZM201800000212,ZM,2018,212,ZM,4,Luapula,4,Luapula,GPS,U,-11.171796,28.877591,1229,1223,WGS84,3,537.260871,5.052245724
Point (32.3661930000000666 -13.49084999999996626),ZM201800000213,ZM,2018,213,ZM,3,Eastern,3,Eastern,GPS,R,-13.49085,32.366193,889,886,WGS84,0,602.7422437,116.9034741
Point (27.88892600000002631 -12.51904699999994364),ZM201800000214,ZM,2018,214,ZM,2,Copperbelt,2,Copperbelt,GPS,U,-12.519047,27.888926,1334,1344,WGS84,38,459.7261074,1.936081941
Point (27.83887200000003759 -13.5616699999999355),ZM201800000215,ZM,2018,215,ZM,2,Copperbelt,2,Copperbelt,GPS,R,-13.56167,27.838872,939,1203,WGS84,0,455.7811267,61.51008413
Point (30.11002700000005916 -9.36465499999997064),ZM201800000216,ZM,2018,216,ZM,7,Northern,7,Northern,GPS,U,-9.364655,30.110027,1431,1436,WGS84,0,705.7839101,152.4086364
Point (33.14225500000003422 -9.78770499999995991),ZM201800000217,ZM,2018,217,ZM,6,Muchinga,6,Muchinga,GPS,R,-9.787705,33.142255,1246,1158,WGS84,0,817.8368794,62.7834479
Point (23.28377400000005082 -15.53746699999993552),ZM201800000218,ZM,2018,218,ZM,10,Western,10,Western,GPS,R,-15.537467,23.283774,1052,1060,WGS84,0,760.4707787,424.9234165
Point (32.42729100000002518 -13.73921099999995477),ZM201800000219,ZM,2018,219,ZM,3,Eastern,3,Eastern,GPS,R,-13.739211,32.427291,966,981,WGS84,0,601.5684088,136.3208185
Point (27.68115800000003901 -12.36279099999995879),ZM201800000220,ZM,2018,220,ZM,2,Copperbelt,2,Copperbelt,GPS,R,-12.362791,27.681158,1289,1286,WGS84,14,468.6225773,11.93891762
Point (33.17067100000002711 -12.19631499999997004),ZM201800000221,ZM,2018,221,ZM,3,Eastern,3,Eastern,GPS,R,-12.196315,33.170671,805,1110,WGS84,0,693.2780577,54.24044032
Point (22.17573900000007825 -14.39485599999994747),ZM201800000222,ZM,2018,222,ZM,10,Western,10,Western,GPS,R,-14.394856,22.175739,1053,1046,WGS84,0,843.0275577,413.4120607
Point (22.67904100000004064 -14.99979299999995419),ZM201800000223,ZM,2018,223,ZM,10,Western,10,Western,GPS,U,-14.999793,22.679041,1029,1029,WGS84,0,803.3878864,416.3691733
Point (32.01083600000004026 -9.43376199999994469),ZM201800000224,ZM,2018,224,ZM,7,Northern,7,Northern,GPS,R,-9.433762,32.010836,1329,1330,WGS84,0,779.6041381,145.8894552
Point (32.61866000000003396 -13.60775199999994811),ZM201800000225,ZM,2018,225,ZM,3,Eastern,3,Eastern,GPS,U,-13.607752,32.61866,1063,1083,WGS84,0,615.9401665,114.0678381
Point (28.63437800000002653 -10.17621899999994639),ZM201800000226,ZM,2018,226,ZM,4,Luapula,4,Luapula,GPS,R,-10.176219,28.634378,764,926,WGS84,0,605.3097297,83.95662339
Point (28.28511800000006815 -15.37219399999997904),ZM201800000227,ZM,2018,227,ZM,5,Lusaka,5,Lusaka,GPS,U,-15.372194,28.285118,974,1240,WGS84,5,473.1432487,19.44104185
Point (23.25313000000005559 -15.86154499999997824),ZM201800000228,ZM,2018,228,ZM,10,Western,10,Western,GPS,R,-15.861545,23.25313,1009,1006,WGS84,0,770.191179,437.0433671
Point (28.37724200000002384 -15.39852899999993951),ZM201800000229,ZM,2018,229,ZM,5,Lusaka,5,Lusaka,GPS,U,-15.398529,28.377242,9999,1249,WGS84,4,472.5861806,20.01901016
Point (31.27492600000005041 -14.32087099999995417),ZM201800000230,ZM,2018,230,ZM,3,Eastern,3,Eastern,GPS,R,-14.320871,31.274926,911,923,WGS84,0,530.3873554,211.9458155
Point (28.27596800000003441 -15.3745829999999728),ZM201800000231,ZM,2018,231,ZM,5,Lusaka,5,Lusaka,GPS,U,-15.374583,28.275968,1275,1264,WGS84,5,473.305591,19.12283916
Point (28.46237100000007558 -14.38601499999992939),ZM201800000232,ZM,2018,232,ZM,1,Central,1,Central,GPS,U,-14.386015,28.462371,1172,1174,WGS84,2,456.5081839,8.595420003
Point (28.88056000000005952 -11.21835799999996652),ZM201800000233,ZM,2018,233,ZM,4,Luapula,4,Luapula,GPS,U,-11.218358,28.88056,1215,1219,WGS84,3,534.3937766,9.13080896
Point (28.89157500000004575 -11.20396499999992557),ZM201800000234,ZM,2018,234,ZM,4,Luapula,4,Luapula,GPS,U,-11.203965,28.891575,1229,1226,WGS84,3,535.5481471,8.550232032
Point (31.64279100000004519 -10.39409399999993866),ZM201800000235,ZM,2018,235,ZM,7,Northern,7,Northern,GPS,R,-10.394094,31.642791,1221,1212,WGS84,0,694.7998022,226.5336931
Point (28.27633900000006406 -15.47994799999997895),ZM201800000237,ZM,2018,237,ZM,5,Lusaka,5,Lusaka,GPS,U,-15.479948,28.276339,1288,1286,WGS84,5,475.3307262,7.419055897
Point (26.97667000000006965 -16.82487099999997326),ZM201800000238,ZM,2018,238,ZM,9,Southern,9,Southern,GPS,U,-16.824871,26.97667,1314,1307,WGS84,0,554.5584949,54.95372116
Point (32.07373700000005101 -10.53278099999994311),ZM201800000239,ZM,2018,239,ZM,6,Muchinga,6,Muchinga,GPS,U,-10.532781,32.073737,1282,1268,WGS84,0,708.8695521,184.7951566
Point (22.62715700000006791 -15.23432999999994308),ZM201800000240,ZM,2018,240,ZM,10,Western,10,Western,GPS,R,-15.23433,22.627157,1056,1058,WGS84,0,811.3196295,439.4150198
Point (29.0703740000000721 -9.80166499999995722),ZM201800000241,ZM,2018,241,ZM,4,Luapula,4,Luapula,GPS,U,-9.801665,29.070374,1344,1331,WGS84,0,642.9030078,112.8568117
Point (32.65024500000004082 -10.13254399999993893),ZM201800000242,ZM,2018,242,ZM,6,Muchinga,6,Muchinga,GPS,U,-10.132544,32.650245,9999,1304,WGS84,0,766.3406383,112.9806341
Point (28.23271800000003395 -12.76263099999994211),ZM201800000243,ZM,2018,243,ZM,2,Copperbelt,2,Copperbelt,GPS,U,-12.762631,28.232718,954,1213,WGS84,44,451.5590879,6.952033273
Point (31.19202800000005027 -9.51792399999993677),ZM201800000244,ZM,2018,244,ZM,7,Northern,7,Northern,GPS,R,-9.517924,31.192028,1058,1554,WGS84,0,734.8324754,232.2353631
Point (32.73598100000003797 -11.69744599999995671),ZM201800000245,ZM,2018,245,ZM,6,Muchinga,6,Muchinga,GPS,R,-11.697446,32.735981,655,653,WGS84,0,685.9557017,108.4602742
Point (23.52687100000002829 -15.85226799999998093),ZM201800000246,ZM,2018,246,ZM,10,Western,10,Western,GPS,R,-15.852268,23.526871,802,1027,WGS84,0,747.4605904,412.0310082
Point (27.81317000000007056 -13.84722899999997026),ZM201800000247,ZM,2018,247,ZM,1,Central,1,Central,GPS,R,-13.847229,27.81317,1098,1158,WGS84,0,458.7253699,91.10148855
Point (30.81819600000005721 -14.59222699999997985),ZM201800000248,ZM,2018,248,ZM,3,Eastern,3,Eastern,GPS,U,-14.592227,30.818196,739,747,WGS84,0,508.4187647,182.4065529
Point (27.47016100000007555 -16.28219199999995226),ZM201800000249,ZM,2018,249,ZM,9,Southern,9,Southern,GPS,U,-16.282192,27.470161,1132,1126,WGS84,0,516.7925197,80.89145048
Point (31.39413400000006504 -11.8508759999999711),ZM201800000250,ZM,2018,250,ZM,6,Muchinga,6,Muchinga,GPS,U,-11.850876,31.394134,1336,1332,WGS84,0,601.4751787,199.9535482
Point (28.23903000000007069 -15.31592399999993859),ZM201800000251,ZM,2018,251,ZM,1,Central,1,Central,GPS,R,-15.315924,28.23903,1228,1231,WGS84,5,472.7046805,24.33125361
Point (23.71587100000004966 -16.69325299999997014),ZM201800000252,ZM,2018,252,ZM,10,Western,10,Western,GPS,R,-16.693253,23.715871,888,989,WGS84,0,756.780954,342.3513814
Point (32.46966600000007475 -9.21430599999996502),ZM201800000253,ZM,2018,253,ZM,6,Muchinga,6,Muchinga,GPS,R,-9.214306,32.469666,1487,1482,WGS84,0,819.5040016,90.13454645
Point (28.19629200000002811 -12.783395999999982),ZM201800000254,ZM,2018,254,ZM,2,Copperbelt,2,Copperbelt,GPS,U,-12.783396,28.196292,687,1235,WGS84,46,451.0134269,2.423078238
Point (28.69289600000007567 -13.77009099999997943),ZM201800000255,ZM,2018,255,ZM,1,Central,1,Central,GPS,R,-13.770091,28.692896,976,1260,WGS84,0,452.1559814,52.07055559
Point (26.34427400000004127 -17.00682799999992767),ZM201800000256,ZM,2018,256,ZM,9,Southern,9,Southern,GPS,R,-17.006828,26.344274,1282,1292,WGS84,0,592.0279624,95.85452439
Point (32.15602700000005143 -14.31934299999994664),ZM201800000257,ZM,2018,257,ZM,3,Eastern,3,Eastern,GPS,R,-14.319343,32.156027,546,933,WGS84,0,577.1559361,199.9741962
Point (28.23155100000002449 -15.54600299999992785),ZM201800000258,ZM,2018,258,ZM,5,Lusaka,5,Lusaka,GPS,U,-15.546003,28.231551,1239,1239,WGS84,8,477.3071014,4.209623649
Point (29.88832200000007333 -9.43082299999997531),ZM201800000259,ZM,2018,259,ZM,7,Northern,7,Northern,GPS,R,-9.430823,29.888322,1125,1440,WGS84,0,693.5644703,144.6323159
Point (27.22584500000004937 -16.80298399999998082),ZM201800000260,ZM,2018,260,ZM,9,Southern,9,Southern,GPS,R,-16.802984,27.225845,1284,1283,WGS84,1,543.4823565,41.38480506
Point (27.06875400000006948 -16.34944799999993847),ZM201800000261,ZM,2018,261,ZM,9,Southern,9,Southern,GPS,R,-16.349448,27.068754,1085,1078,WGS84,0,534.1353252,94.51283753
Point (31.41590600000006361 -10.19710199999997258),ZM201800000262,ZM,2018,262,ZM,7,Northern,7,Northern,GPS,U,-10.197102,31.415906,683,1374,WGS84,0,696.516369,244.1947518
Point (33.50098900000006097 -10.25329199999993079),ZM201800000263,ZM,2018,263,ZM,6,Muchinga,6,Muchinga,GPS,R,-10.253292,33.500989,1456,1429,WGS84,3,811.1343509,33.8785597
Point (30.57474900000005391 -11.29794499999997015),ZM201800000264,ZM,2018,264,ZM,7,Northern,7,Northern,GPS,R,-11.297945,30.574749,916,1180,WGS84,0,589.2296595,175.7112044
Point (26.08969500000006292 -13.93707099999994625),ZM201800000265,ZM,2018,265,ZM,8,North Western,8,North Western,GPS,R,-13.937071,26.089695,9999,1193,WGS84,0,531.8346103,192.0544021
Point (26.23075600000004215 -17.27393799999993007),ZM201800000266,ZM,2018,266,ZM,9,Southern,9,Southern,GPS,R,-17.273938,26.230756,1240,1232,WGS84,0,609.0303669,83.65401433
Point (28.08211600000004182 -12.83814199999994798),ZM201800000267,ZM,2018,267,ZM,2,Copperbelt,2,Copperbelt,GPS,U,-12.838142,28.082116,1302,1292,WGS84,46,450.9746324,8.43836498
Point (28.35129700000004505 -15.44308599999993703),ZM201800000268,ZM,2018,268,ZM,5,Lusaka,5,Lusaka,GPS,U,-15.443086,28.351297,1280,1293,WGS84,5,473.7119333,14.37112296
Point (28.39468300000004319 -13.19336799999996401),ZM201800000269,ZM,2018,269,ZM,2,Copperbelt,2,Copperbelt,GPS,R,-13.193368,28.394683,926,1193,WGS84,29,448.9865178,15.75360197
Point (23.92042500000002292 -15.14892799999995532),ZM201800000270,ZM,2018,270,ZM,10,Western,10,Western,GPS,R,-15.148928,23.920425,620,1091,WGS84,0,700.9694067,354.5793487
Point (28.14934600000003684 -15.86254199999996217),ZM201800000271,ZM,2018,271,ZM,9,Southern,9,Southern,GPS,R,-15.862542,28.149346,1013,1010,WGS84,8,486.1498457,7.302120238
Point (31.30473000000006323 -14.43226099999992584),ZM201800000272,ZM,2018,272,ZM,3,Eastern,3,Eastern,GPS,R,-14.432261,31.30473,792,983,WGS84,0,530.9797432,219.5697899
Point (30.38412900000002992 -15.62125399999996489),ZM201800000273,ZM,2018,273,ZM,5,Lusaka,5,Lusaka,GPS,U,-15.621254,30.384129,350,345,WGS84,0,497.02964,147.2127205
Point (32.92261100000007445 -12.98326799999995274),ZM201800000274,ZM,2018,274,ZM,3,Eastern,3,Eastern,GPS,R,-12.983268,32.922611,1029,1064,WGS84,2,650.4076494,37.36791502
Point (28.84997400000003154 -11.2187399999999684),ZM201800000275,ZM,2018,275,ZM,4,Luapula,4,Luapula,GPS,R,-11.21874,28.849974,1228,1218,WGS84,3,533.6842785,8.037466943
Point (28.19052500000003647 -12.77162799999996423),ZM201800000276,ZM,2018,276,ZM,2,Copperbelt,2,Copperbelt,GPS,U,-12.771628,28.190525,702,1247,WGS84,46,451.2447801,3.088035527
Point (32.24631200000004583 -9.41252199999996719),ZM201800000277,ZM,2018,277,ZM,7,Northern,7,Northern,GPS,R,-9.412522,32.246312,9999,1252,WGS84,0,793.2242786,121.2724095
Point (33.49714000000005854 -10.26411599999994451),ZM201800000278,ZM,2018,278,ZM,6,Muchinga,6,Muchinga,GPS,R,-10.264116,33.49714,1422,1418,WGS84,3,810.2424046,35.11472706
Point (28.22445400000003701 -12.86598299999997153),ZM201800000279,ZM,2018,279,ZM,2,Copperbelt,2,Copperbelt,GPS,U,-12.865983,28.224454,845,1202,WGS84,39,449.8072123,1.851717459
Point (32.04784400000005462 -13.2807889999999702),ZM201800000280,ZM,2018,280,ZM,3,Eastern,3,Eastern,GPS,R,-13.280789,32.047844,483,594,WGS84,0,588.6039979,126.9379382
Point (28.25550500000002785 -15.40918799999997191),ZM201800000282,ZM,2018,282,ZM,5,Lusaka,5,Lusaka,GAZ,R,-15.409188,28.255505,764,1080,WGS84,5,474.2352562,15.35409146
Point (25.96499300000004951 -13.50086999999996351),ZM201800000283,ZM,2018,283,ZM,8,North Western,8,North Western,GPS,R,-13.50087,25.964993,9999,1293,WGS84,0,537.1688519,142.1607573
Point (28.65561400000007097 -13.00571299999995745),ZM201800000284,ZM,2018,284,ZM,2,Copperbelt,2,Copperbelt,GPS,U,-13.005713,28.655614,1279,1272,WGS84,13,452.9509141,4.53349821
Point (27.68962900000002492 -12.82942499999995789),ZM201800000285,ZM,2018,285,ZM,2,Copperbelt,2,Copperbelt,GPS,R,-12.829425,27.689629,1247,1229,WGS84,18,459.1173932,31.18353636
Point (31.96559200000007195 -12.58978199999995695),ZM201800000286,ZM,2018,286,ZM,6,Muchinga,6,Muchinga,GPS,R,-12.589782,31.965592,558,565,WGS84,0,603.8334279,116.2813012
Point (28.01029900000003181 -12.60794099999992568),ZM201800000287,ZM,2018,287,ZM,2,Copperbelt,2,Copperbelt,GPS,R,-12.607941,28.010299,1317,1322,WGS84,46,455.8397184,5.752219641
Point (30.00623400000006313 -10.23068099999994729),ZM201800000288,ZM,2018,288,ZM,7,Northern,7,Northern,GPS,R,-10.230681,30.006234,1308,1378,WGS84,0,635.2793774,123.9322627
Point (31.51429700000005596 -14.35972099999997909),ZM201800000289,ZM,2018,289,ZM,3,Eastern,3,Eastern,GPS,R,-14.359721,31.514297,1044,1096,WGS84,0,541.9007143,236.2496437
Point (28.01500500000003058 -14.75911999999993895),ZM201800000290,ZM,2018,290,ZM,1,Central,1,Central,GPS,R,-14.75912,28.015005,1002,1162,WGS84,0,466.6602485,56.34738678
Point (24.10331200000007357 -11.63781399999993482),ZM201800000291,ZM,2018,291,ZM,8,North Western,8,North Western,GPS,R,-11.637814,24.103312,1348,1344,WGS84,0,704.283685,147.3038556
Point (28.30981200000007902 -14.93182199999995419),ZM201800000292,ZM,2018,292,ZM,1,Central,1,Central,GPS,R,-14.931822,28.309812,1160,1151,WGS84,0,465.2174277,54.31097226
Point (27.68020600000005516 -15.89316499999995358),ZM201800000294,ZM,2018,294,ZM,9,Southern,9,Southern,GPS,U,-15.893165,27.680206,1020,1035,WGS84,3,498.5687302,48.22586367
Point (24.48124200000006567 -13.28144699999995737),ZM201800000295,ZM,2018,295,ZM,8,North Western,8,North Western,GPS,R,-13.281447,24.481242,9999,1087,WGS84,0,643.3735611,144.5291971
Point (28.07241900000002488 -12.88587399999994432),ZM201800000296,ZM,2018,296,ZM,2,Copperbelt,2,Copperbelt,GPS,R,-12.885874,28.072419,1246,1248,WGS84,46,450.6495226,3.2084836
Point (27.66609500000004118 -12.50429499999995642),ZM201800000297,ZM,2018,297,ZM,2,Copperbelt,2,Copperbelt,GPS,R,-12.504295,27.666095,399,1279,WGS84,22,465.1365041,17.56752527
Point (31.15471400000006952 -10.22969399999993811),ZM201800000298,ZM,2018,298,ZM,7,Northern,7,Northern,GPS,U,-10.229694,31.154714,1360,1339,WGS84,0,681.9851903,240.0764124
Point (22.91042100000004211 -15.79317299999996749),ZM201800000299,ZM,2018,299,ZM,10,Western,10,Western,GPS,R,-15.793173,22.910421,1047,1048,WGS84,0,797.4371503,470.3413593
Point (32.70069200000006049 -10.19329399999998031),ZM201800000300,ZM,2018,300,ZM,6,Muchinga,6,Muchinga,GPS,R,-10.193294,32.700692,9999,1094,WGS84,0,765.4292023,108.627407
Point (25.2131450000000541 -14.8554089999999519),ZM201800000301,ZM,2018,301,ZM,10,Western,10,Western,GPS,R,-14.855409,25.213145,1163,1170,WGS84,0,599.2576045,289.2218413
Point (28.69095900000007759 -13.96694899999994277),ZM201800000302,ZM,2018,302,ZM,1,Central,1,Central,GPS,U,-13.966949,28.690959,1266,1266,WGS84,1,453.1282805,48.58363679
Point (28.02190500000006068 -13.70739399999996522),ZM201800000303,ZM,2018,303,ZM,2,Copperbelt,2,Copperbelt,GPS,R,-13.707394,28.021905,1229,1264,WGS84,0,453.7476006,69.63201348
Point (28.34207600000007687 -15.4617799999999761),ZM201800000304,ZM,2018,304,ZM,5,Lusaka,5,Lusaka,GPS,U,-15.46178,28.342076,788,1294,WGS84,5,474.1773562,12.12318376
Point (29.08104300000007925 -15.2249899999999343),ZM201800000305,ZM,2018,305,ZM,5,Lusaka,5,Lusaka,GPS,R,-15.22499,29.081043,827,998,WGS84,0,468.4671347,93.95555826
Point (24.78947200000004614 -15.46408899999994446),ZM201800000306,ZM,2018,306,ZM,10,Western,10,Western,GPS,R,-15.464089,24.789472,1132,1148,WGS84,0,641.0544712,331.2970518
Point (26.81406000000004042 -16.13861399999996138),ZM201800000307,ZM,2018,307,ZM,9,Southern,9,Southern,GPS,R,-16.138614,26.81406,849,1084,WGS84,0,538.5402439,126.9406765
Point (29.06098500000007334 -13.89704399999993711),ZM201800000308,ZM,2018,308,ZM,1,Central,1,Central,GPS,R,-13.897044,29.060985,1161,1185,WGS84,2,456.9091662,10.06170896
Point (28.743261000000075 -16.51004499999993413),ZM201800000309,ZM,2018,309,ZM,9,Southern,9,Southern,GPS,R,-16.510045,28.743261,536,612,WGS84,0,496.5708555,76.35539747
Point (33.16168900000002395 -12.23992099999998118),ZM201800000310,ZM,2018,310,ZM,3,Eastern,3,Eastern,GPS,R,-12.239921,33.161689,1160,1134,WGS84,2,690.9944865,49.30955492
Point (28.62067600000005996 -12.92795399999994288),ZM201800000311,ZM,2018,311,ZM,2,Copperbelt,2,Copperbelt,GPS,U,-12.927954,28.620676,1330,1310,WGS84,26,453.5183752,9.042103077
Point (27.55949700000007851 -15.85373799999996436),ZM201800000312,ZM,2018,312,ZM,9,Southern,9,Southern,GPS,R,-15.853738,27.559497,992,995,WGS84,0,501.2296879,54.98044716
Point (30.33212700000007089 -9.3523829999999748),ZM201800000313,ZM,2018,313,ZM,7,Northern,7,Northern,GPS,U,-9.352383,30.332127,1371,1356,WGS84,0,714.1387892,167.9513685
Point (28.16200700000007373 -15.434537999999975),ZM201800000314,ZM,2018,314,ZM,5,Lusaka,5,Lusaka,GPS,R,-15.434538,28.162007,711,1244,WGS84,5,476.1404344,9.830178361
Point (28.33667300000007572 -15.38057699999995975),ZM201800000315,ZM,2018,315,ZM,5,Lusaka,5,Lusaka,GPS,U,-15.380577,28.336673,1261,1236,WGS84,5,472.6833949,19.75228984
Point (28.23100200000004634 -12.84752599999995937),ZM201800000316,ZM,2018,316,ZM,2,Copperbelt,2,Copperbelt,GPS,U,-12.847526,28.231002,1242,1234,WGS84,39,450.0368258,2.187934557
Point (28.26077000000003636 -15.44815599999992628),ZM201800000317,ZM,2018,317,ZM,5,Lusaka,5,Lusaka,GPS,U,-15.448156,28.26077,1271,1276,WGS84,5,474.9159954,10.98473892
Point (31.2357180000000767 -8.80374299999994037),ZM201800000318,ZM,2018,318,ZM,7,Northern,7,Northern,GPS,R,-8.803743,31.235718,9999,1269,WGS84,0,793.0542619,194.9762057
Point (28.47654700000003913 -14.46189099999998007),ZM201800000319,ZM,2018,319,ZM,1,Central,1,Central,GPS,U,-14.461891,28.476547,1190,1191,WGS84,2,457.3043107,4.270610353
Point (28.7529460000000654 -9.67307899999997289),ZM201800000320,ZM,2018,320,ZM,4,Luapula,4,Luapula,GPS,R,-9.673079,28.752946,965,951,WGS84,0,648.2862032,101.6712694
Point (28.24939000000006217 -15.43985299999997096),ZM201800000321,ZM,2018,321,ZM,5,Lusaka,5,Lusaka,GPS,U,-15.439853,28.24939,151,1275,WGS84,5,474.9110725,12.07590728
Point (28.61535700000007409 -13.01572299999997995),ZM201800000322,ZM,2018,322,ZM,2,Copperbelt,2,Copperbelt,GPS,U,-13.015723,28.615357,1250,1254,WGS84,24,452.2086671,7.437172563
Point (25.49439000000006672 -12.12289999999995871),ZM201800000323,ZM,2018,323,ZM,8,North Western,8,North Western,GPS,R,-12.1229,25.49439,9999,1363,WGS84,2,581.7332449,25.81488798
Point (29.45896100000004481 -14.00912699999997812),ZM201800000324,ZM,2018,324,ZM,1,Central,1,Central,GPS,R,-14.009127,29.458961,1235,1224,WGS84,2,465.0100783,35.12645015
Point (29.25727800000004208 -13.74771199999997862),ZM201800000325,ZM,2018,325,ZM,1,Central,1,Central,GPS,R,-13.747712,29.257278,1232,1262,WGS84,2,460.8039269,23.01395545
Point (31.45324000000005071 -11.84467199999994591),ZM201800000326,ZM,2018,326,ZM,6,Muchinga,6,Muchinga,GPS,U,-11.844672,31.45324,1403,1405,WGS84,0,604.8836681,194.5729731
Point (27.38717300000007526 -15.18337199999996301),ZM201800000327,ZM,2018,327,ZM,1,Central,1,Central,GPS,R,-15.183372,27.387173,822,1079,WGS84,0,490.8990848,65.72803278
Point (28.25766400000003387 -12.78024399999998195),ZM201800000328,ZM,2018,328,ZM,2,Copperbelt,2,Copperbelt,GPS,U,-12.780244,28.257664,651,1190,WGS84,40,451.3469416,8.272434672
Point (32.64076400000004696 -13.63574199999993652),ZM201800000329,ZM,2018,329,ZM,3,Eastern,3,Eastern,GPS,U,-13.635742,32.640764,1127,1141,WGS84,0,616.7811304,116.0336968
Point (29.40306900000007317 -13.62529399999993984),ZM201800000330,ZM,2018,330,ZM,1,Central,1,Central,GPS,U,-13.625294,29.403069,1370,1315,WGS84,2,464.9378652,4.405152969
Point (32.0674260000000686 -10.54416799999995646),ZM201800000331,ZM,2018,331,ZM,6,Muchinga,6,Muchinga,GPS,U,-10.544168,32.067426,1294,1286,WGS84,0,707.8286001,185.8549787
Point (31.41692300000005389 -14.61904099999998152),ZM201800000332,ZM,2018,332,ZM,3,Eastern,3,Eastern,GPS,R,-14.619041,31.416923,1038,1047,WGS84,0,535.3123098,223.8131048
Point (32.41206700000003593 -14.03969599999993534),ZM201800000333,ZM,2018,333,ZM,3,Eastern,3,Eastern,GPS,R,-14.039696,32.412067,774,1066,WGS84,0,595.7776576,167.0258589
Point (28.57204300000006469 -9.45270899999997027),ZM201800000334,ZM,2018,334,ZM,4,Luapula,4,Luapula,GPS,R,-9.452709,28.572043,930,928,WGS84,0,665.0089403,70.54304774
Point (25.84897600000005013 -17.84724599999992734),ZM201800000335,ZM,2018,335,ZM,9,Southern,9,Southern,GPS,U,-17.847246,25.848976,140,928,WGS84,0,656.9717088,83.53888162
Point (26.39363200000002507 -12.15804899999994859),ZM201800000336,ZM,2018,336,ZM,8,North Western,8,North Western,GPS,U,-12.158049,26.393632,158,1329,WGS84,5,524.6581324,7.928730424
Point (28.33846100000005208 -15.32930299999998169),ZM201800000337,ZM,2018,337,ZM,5,Lusaka,5,Lusaka,GPS,U,-15.329303,28.338461,1208,1201,WGS84,4,471.7109594,25.21614428
Point (29.50622900000007576 -10.37475999999998066),ZM201800000338,ZM,2018,338,ZM,7,Northern,7,Northern,GPS,R,-10.37476,29.506229,1331,1334,WGS84,0,608.8377188,70.60793939
Point (22.6213790000000472 -14.97659499999997479),ZM201800000339,ZM,2018,339,ZM,10,Western,10,Western,GPS,R,-14.976595,22.621379,1037,1031,WGS84,0,808.173877,418.7766869
Point (26.36203900000003841 -12.18601299999994581),ZM201800000340,ZM,2018,340,ZM,8,North Western,8,North Western,GPS,U,-12.186013,26.362039,780,1377,WGS84,5,525.7536783,12.00095329
Point (28.77498000000002776 -9.76740799999993214),ZM201800000341,ZM,2018,341,ZM,4,Luapula,4,Luapula,GPS,R,-9.767408,28.77498,953,958,WGS84,0,640.6852435,111.9399506
Point (31.50179600000006985 -8.85920699999996941),ZM201800000342,ZM,2018,342,ZM,7,Northern,7,Northern,GPS,R,-8.859207,31.501796,9999,1776,WGS84,0,799.8475169,168.7491372
Point (31.95291300000002366 -14.10737999999997783),ZM201800000343,ZM,2018,343,ZM,3,Eastern,3,Eastern,GPS,R,-14.10738,31.952913,999,1011,WGS84,0,568.0455728,198.5214083
Point (27.17338400000005549 -14.97064599999993106),ZM201800000344,ZM,2018,344,ZM,1,Central,1,Central,GPS,R,-14.970646,27.173384,1233,1241,WGS84,0,494.2755412,98.01925947
Point (30.95595600000007153 -14.45253299999995988),ZM201800000345,ZM,2018,345,ZM,3,Eastern,3,Eastern,GPS,R,-14.452533,30.955956,862,879,WGS84,0,514.8415971,186.769985
Point (30.834111000000064 -14.55739299999993364),ZM201800000346,ZM,2018,346,ZM,3,Eastern,3,Eastern,GPS,R,-14.557393,30.834111,749,742,WGS84,0,509.1884769,181.6169109
Point (32.73723800000004758 -9.91610499999995909),ZM201800000347,ZM,2018,347,ZM,6,Muchinga,6,Muchinga,GPS,R,-9.916105,32.737238,1255,1264,WGS84,0,785.3920188,102.949991
Point (28.28757200000006833 -15.44076099999995222),ZM201800000348,ZM,2018,348,ZM,5,Lusaka,5,Lusaka,GPS,U,-15.440761,28.287572,1275,1279,WGS84,5,474.4196716,11.8903194
Point (30.38672500000006949 -11.09591499999993403),ZM201800000349,ZM,2018,349,ZM,7,Northern,7,Northern,GPS,R,-11.095915,30.386725,683,1181,WGS84,0,592.6423259,150.1237001
Point (31.22246200000006411 -10.24496799999997165),ZM201800000350,ZM,2018,350,ZM,7,Northern,7,Northern,GPS,U,-10.244968,31.222462,1330,1323,WGS84,0,684.0966882,246.7663586
Point (31.32472500000005766 -14.23555599999997412),ZM201800000351,ZM,2018,351,ZM,3,Eastern,3,Eastern,GPS,U,-14.235556,31.324725,841,1031,WGS84,0,533.5608866,213.8935085
Point (28.23687000000006719 -15.38802599999996801),ZM201800000352,ZM,2018,352,ZM,5,Lusaka,5,Lusaka,GPS,U,-15.388026,28.23687,1252,1251,WGS84,5,474.089901,16.83859138
Point (28.22499500000003536 -12.85671099999996159),ZM201800000353,ZM,2018,353,ZM,2,Copperbelt,2,Copperbelt,GPS,U,-12.856711,28.224995,863,1223,WGS84,39,449.8973838,1.417977547
Point (30.34976000000006024 -14.73377999999996746),ZM201800000354,ZM,2018,354,ZM,3,Eastern,3,Eastern,GPS,R,-14.73378,30.34976,390,397,WGS84,0,490.7426993,156.1248004
Point (33.13040100000006305 -11.1171259999999279),ZM201800000355,ZM,2018,355,ZM,6,Muchinga,6,Muchinga,GPS,R,-11.117126,33.130401,762,765,WGS84,0,739.2539052,106.8213509
Point (30.23851000000007616 -11.62098499999996193),ZM201800000356,ZM,2018,356,ZM,4,Luapula,4,Luapula,GPS,R,-11.620985,30.23851,9999,1169,WGS84,0,557.3327157,158.311446
Point (28.38490900000005013 -15.60759299999995164),ZM201800000357,ZM,2018,357,ZM,5,Lusaka,5,Lusaka,GPS,R,-15.607593,28.384909,9999,1106,WGS84,7,476.7262032,13.9874587
Point (33.05600600000002487 -12.16365599999994629),ZM201800000358,ZM,2018,358,ZM,3,Eastern,3,Eastern,GPS,R,-12.163656,33.056006,1124,1115,WGS84,0,686.8897113,55.85707521
Point (29.93275000000005548 -10.27364499999993086),ZM201800000359,ZM,2018,359,ZM,7,Northern,7,Northern,GPS,U,-10.273645,29.93275,1354,1372,WGS84,0,629.639052,114.5785403
Point (23.00143200000002253 -15.69951499999996258),ZM201800000362,ZM,2018,362,ZM,10,Western,10,Western,GPS,R,-15.699515,23.001432,1014,1043,WGS84,0,787.6468295,456.2818409
Point (28.56294400000007272 -14.42269799999996849),ZM201800000363,ZM,2018,363,ZM,1,Central,1,Central,GPS,R,-14.422698,28.562944,1133,1166,WGS84,2,456.6846983,14.16407624
Point (27.60198700000006511 -16.22024799999996958),ZM201800000364,ZM,2018,364,ZM,9,Southern,9,Southern,GPS,R,-16.220248,27.601987,1088,1095,WGS84,0,510.5182518,65.24985086
Point (28.26455800000007912 -15.42664799999994329),ZM201800000365,ZM,2018,365,ZM,5,Lusaka,5,Lusaka,GPS,U,-15.426648,28.264558,1293,1277,WGS84,5,474.4482322,13.3408809
Point (31.30632400000007465 -14.25325299999997242),ZM201800000366,ZM,2018,366,ZM,3,Eastern,3,Eastern,GPS,U,-14.253253,31.306324,1007,1002,WGS84,0,532.4965147,212.6192195
Point (24.54799000000002707 -14.67415199999993547),ZM201800000367,ZM,2018,367,ZM,10,Western,10,Western,GPS,R,-14.674152,24.54799,885,1115,WGS84,0,644.652478,280.9467335
Point (27.90195800000003601 -12.58549199999993107),ZM201800000368,ZM,2018,368,ZM,2,Copperbelt,2,Copperbelt,GPS,U,-12.585492,27.901958,1400,1395,WGS84,46,457.8540954,4.49799969
Point (29.13687400000003436 -11.09018199999997023),ZM201800000369,ZM,2018,369,ZM,4,Luapula,4,Luapula,GPS,R,-11.090182,29.136874,1263,1256,WGS84,3,548.9320092,32.21985665
Point (31.47059400000006235 -11.82645299999995814),ZM201800000370,ZM,2018,370,ZM,6,Muchinga,6,Muchinga,GPS,U,-11.826453,31.470594,1426,1425,WGS84,0,606.6339669,193.8814855
Point (27.86940500000002885 -16.22282099999995353),ZM201800000371,ZM,2018,371,ZM,9,Southern,9,Southern,GPS,R,-16.222821,27.869405,1169,1200,WGS84,3,502.8408674,43.22720621
Point (32.69371800000004669 -10.56369099999994887),ZM201800000372,ZM,2018,372,ZM,6,Muchinga,6,Muchinga,GPS,R,-10.563691,32.693718,635,815,WGS84,0,742.4845225,124.1644822
Point (28.78062300000004825 -14.24541399999992564),ZM201800000373,ZM,2018,373,ZM,1,Central,1,Central,GPS,R,-14.245414,28.780623,1220,1236,WGS84,2,455.5740371,44.01076147
Point (31.03076400000003332 -8.98368499999997994),ZM201800000374,ZM,2018,374,ZM,7,Northern,7,Northern,GPS,R,-8.983685,31.030764,9999,1457,WGS84,0,770.0403197,211.6484251
Point (33.17401100000006409 -12.59216299999997091),ZM201800000375,ZM,2018,375,ZM,3,Eastern,3,Eastern,GPS,R,-12.592163,33.174011,1219,1197,WGS84,2,679.133707,17.22725376
Point (24.27907300000003943 -11.19256599999994251),ZM201800000376,ZM,2018,376,ZM,8,North Western,8,North Western,GPS,R,-11.192566,24.279073,156,1343,WGS84,0,705.8658893,128.4011249
Point (28.6419940000000679 -12.92779399999994894),ZM201800000377,ZM,2018,377,ZM,2,Copperbelt,2,Copperbelt,GPS,U,-12.927794,28.641994,1242,1315,WGS84,24,453.8898507,7.304773544
Point (25.85137200000002622 -17.8781999999999357),ZM201800000378,ZM,2018,378,ZM,9,Southern,9,Southern,GPS,U,-17.8782,25.851372,897,902,WGS84,0,658.3579878,81.08131946
Point (27.97416200000003528 -12.59070099999996728),ZM201800000379,ZM,2018,379,ZM,2,Copperbelt,2,Copperbelt,GPS,R,-12.590701,27.974162,159,1324,WGS84,46,456.7039077,9.816715164
Point (23.14061400000002777 -15.25970999999992728),ZM201800000380,ZM,2018,380,ZM,10,Western,10,Western,GAZ,U,-15.25971,23.140614,1062,1029,WGS84,0,767.346436,407.4321383
Point (26.54895400000003747 -15.82636499999995294),ZM201800000381,ZM,2018,381,ZM,9,Southern,9,Southern,GPS,R,-15.826365,26.548954,1016,1013,WGS84,0,542.0034043,150.3880652
Point (27.60480200000006334 -16.49405999999993355),ZM201800000382,ZM,2018,382,ZM,9,Southern,9,Southern,GPS,U,-16.49406,27.604802,1230,1231,WGS84,0,519.221718,77.31425153
Point (29.77536200000002964 -10.8135279999999625),ZM201800000383,ZM,2018,383,ZM,4,Luapula,4,Luapula,GPS,R,-10.813528,29.775362,1199,1184,WGS84,0,586.7493624,80.13669577
Point (28.23673900000005688 -12.55418799999995372),ZM201800000384,ZM,2018,384,ZM,2,Copperbelt,2,Copperbelt,GPS,U,-12.554188,28.236739,160,1284,WGS84,46,457.0106424,2.154829326
Point (31.17805900000007568 -10.23328499999996666),ZM201800000385,ZM,2018,385,ZM,7,Northern,7,Northern,GPS,U,-10.233285,31.178059,1302,1310,WGS84,0,682.8204546,242.4259474
Point (28.74267600000007405 -9.31283799999994244),ZM201800000386,ZM,2018,386,ZM,4,Luapula,4,Luapula,GPS,U,-9.312838,28.742676,945,945,WGS84,0,679.1089443,69.75576092
Point (28.99477500000006103 -8.4889859999999544),ZM201800000387,ZM,2018,387,ZM,4,Luapula,4,Luapula,GPS,R,-8.488986,28.994775,932,930,WGS84,2,756.8053796,33.43591268
Point (31.890399000000059 -14.401854999999955),ZM201800000388,ZM,2018,388,ZM,3,Eastern,3,Eastern,GPS,R,-14.401855,31.890399,1008,1013,WGS84,0,561.4004215,207.0271242
Point (25.84228000000007341 -13.45675699999998187),ZM201800000389,ZM,2018,389,ZM,8,North Western,8,North Western,GPS,U,-13.456757,25.84228,1224,1233,WGS84,0,544.7663771,136.3743429
Point (29.87444000000004962 -15.02021999999993795),ZM201800000390,ZM,2018,390,ZM,5,Lusaka,5,Lusaka,GPS,R,-15.02022,29.87444,894,926,WGS84,0,478.3400169,143.4169442
Point (31.31042500000006612 -12.04873899999995501),ZM201800000391,ZM,2018,391,ZM,6,Muchinga,6,Muchinga,GPS,R,-12.048739,31.310425,1403,1406,WGS84,0,588.413838,199.4450967
Point (27.85493800000006104 -12.56091499999996586),ZM201800000392,ZM,2018,392,ZM,2,Copperbelt,2,Copperbelt,GPS,U,-12.560915,27.854938,1336,1387,WGS84,38,459.2401254,3.327342847
Point (25.94052900000002637 -17.9457159999999476),ZM201800000393,ZM,2018,393,ZM,9,Southern,9,Southern,GPS,R,-17.945716,25.940529,750,953,WGS84,0,656.4719404,69.02881291
Point (27.30645800000007739 -17.34142899999994825),ZM201800000394,ZM,2018,394,ZM,9,Southern,9,Southern,GPS,R,-17.341429,27.306458,591,562,WGS84,2,561.6664513,10.39058924
Point (30.7120970000000284 -10.69498499999997421),ZM201800000395,ZM,2018,395,ZM,7,Northern,7,Northern,GPS,R,-10.694985,30.712097,943,1196,WGS84,0,631.3643419,183.0062053
Point (28.43799400000006017 -14.38553299999995261),ZM201800000396,ZM,2018,396,ZM,1,Central,1,Central,GPS,U,-14.385533,28.437994,1184,1177,WGS84,2,456.6034561,8.203215101
Point (31.5260560000000396 -14.02906999999993332),ZM201800000397,ZM,2018,397,ZM,3,Eastern,3,Eastern,GPS,R,-14.02907,31.526056,822,826,WGS84,0,546.0190837,222.8034063
Point (29.02178400000002512 -8.52880699999997205),ZM201800000398,ZM,2018,398,ZM,4,Luapula,4,Luapula,GPS,R,-8.528807,29.021784,1002,953,WGS84,2,753.4735848,34.25805264
Point (32.91940100000005032 -11.36017899999995961),ZM201800000399,ZM,2018,399,ZM,6,Muchinga,6,Muchinga,GPS,R,-11.360179,32.919401,496,653,WGS84,0,713.5031594,104.5768618
Point (26.00626500000004171 -13.0348709999999528),ZM201800000400,ZM,2018,400,ZM,8,North Western,8,North Western,GPS,R,-13.034871,26.006265,1328,1340,WGS84,0,535.4111871,91.74841664
Point (26.38365200000004052 -12.16925499999996418),ZM201800000401,ZM,2018,401,ZM,8,North Western,8,North Western,GPS,U,-12.169255,26.383652,1366,1376,WGS84,5,524.9456224,9.409565359
Point (24.18403100000006134 -13.59105799999997544),ZM201800000402,ZM,2018,402,ZM,8,North Western,8,North Western,GPS,R,-13.591058,24.184031,1072,1064,WGS84,0,666.4549704,191.5086712
Point (27.76288300000004483 -15.27339299999994182),ZM201800000403,ZM,2018,403,ZM,1,Central,1,Central,GPS,R,-15.273393,27.762883,795,1010,WGS84,1,481.470377,28.98004253
Point (32.13672400000007201 -10.98909099999997352),ZM201800000404,ZM,2018,404,ZM,6,Muchinga,6,Muchinga,GPS,R,-10.989091,32.136724,1298,1259,WGS84,0,685.7744456,198.8661164
Point (32.47396500000007791 -10.06867899999997462),ZM201800000405,ZM,2018,405,ZM,6,Muchinga,6,Muchinga,GPS,R,-10.068679,32.473965,9999,1282,WGS84,0,760.3879839,131.5561691
Point (28.26359900000005609 -12.78884999999996808),ZM201800000406,ZM,2018,406,ZM,2,Copperbelt,2,Copperbelt,GPS,R,-12.78885,28.263599,1210,1196,WGS84,40,451.2210907,8.553597071
Point (28.28646400000002359 -15.38618699999994988),ZM201800000407,ZM,2018,407,ZM,5,Lusaka,5,Lusaka,GPS,U,-15.386187,28.286464,1232,1263,WGS84,5,473.3900334,17.90283136
Point (27.73212900000004311 -15.84520699999995941),ZM201800000408,ZM,2018,408,ZM,9,Southern,9,Southern,GPS,U,-15.845207,27.732129,1038,1037,WGS84,5,495.7497798,43.46912445
Point (32.91775600000005397 -9.52352299999995466),ZM201800000409,ZM,2018,409,ZM,6,Muchinga,6,Muchinga,GPS,R,-9.523523,32.917756,1385,1393,WGS84,0,822.3745792,73.88609006
Point (32.65460600000005797 -13.66112299999997504),ZM201800000410,ZM,2018,410,ZM,3,Eastern,3,Eastern,GPS,U,-13.661123,32.654606,1136,1133,WGS84,0,617.1633194,118.1333
Point (23.5861910000000421 -15.63333499999993137),ZM201800000411,ZM,2018,411,ZM,10,Western,10,Western,GPS,R,-15.633335,23.586191,1031,1032,WGS84,0,737.5502043,418.6812764
Point (29.15259100000002945 -11.26839099999995142),ZM201800000412,ZM,2018,412,ZM,4,Luapula,4,Luapula,GPS,R,-11.268391,29.152591,1146,1227,WGS84,2,538.2153823,36.81153651
Point (29.31821300000007113 -9.69546699999995099),ZM201800000413,ZM,2018,413,ZM,4,Luapula,4,Luapula,GPS,R,-9.695467,29.318213,1249,1248,WGS84,0,656.8769447,128.2435861
Point (27.54740300000003117 -16.43085099999996146),ZM201800000414,ZM,2018,414,ZM,9,Southern,9,Southern,GPS,R,-16.430851,27.547403,1158,1161,WGS84,0,518.9874891,82.33581114
Point (24.78520700000007082 -14.79156599999993205),ZM201800000415,ZM,2018,415,ZM,10,Western,10,Western,GPS,U,-14.791566,24.785207,1130,1135,WGS84,0,628.6274488,287.4143082
Point (27.22287700000003952 -16.70323099999995975),ZM201800000416,ZM,2018,416,ZM,9,Southern,9,Southern,GPS,R,-16.703231,27.222877,859,1212,WGS84,0,539.9936857,51.98686543
Point (28.21823700000004465 -16.52810399999992796),ZM201800000417,ZM,2018,417,ZM,9,Southern,9,Southern,GPS,R,-16.528104,28.218237,496,528,WGS84,0,504.5111805,67.69343579
Point (23.27889500000003409 -16.10369199999996681),ZM201800000418,ZM,2018,418,ZM,10,Western,10,Western,GPS,U,-16.103692,23.278895,1009,1007,WGS84,0,774.1550649,418.2212599
Point (27.26324000000005299 -15.95397799999994959),ZM201800000419,ZM,2018,419,ZM,9,Southern,9,Southern,GPS,R,-15.953978,27.26324,798,994,WGS84,0,514.3704339,86.18062056
Point (33.60199400000004744 -10.53399399999995012),ZM201800000420,ZM,2018,420,ZM,6,Muchinga,6,Muchinga,GPS,R,-10.533994,33.601994,1486,1518,WGS84,0,801.6338515,54.78696527
Point (24.8138730000000578 -14.83355399999993551),ZM201800000421,ZM,2018,421,ZM,10,Western,10,Western,GPS,U,-14.833554,24.813873,1188,1186,WGS84,0,627.180324,291.4212268
Point (33.18669000000005553 -11.77707699999996294),ZM201800000422,ZM,2018,422,ZM,3,Eastern,3,Eastern,GPS,R,-11.777077,33.18669,691,1137,WGS84,0,711.6316822,58.60517087
Point (27.45427400000005491 -16.28073499999993601),ZM201800000423,ZM,2018,423,ZM,9,Southern,9,Southern,GPS,U,-16.280735,27.454274,1100,1105,WGS84,0,517.2922776,82.29738106
Point (28.4696680000000697 -9.30262399999998024),ZM201800000424,ZM,2018,424,ZM,4,Luapula,4,Luapula,GPS,R,-9.302624,28.469668,936,941,WGS84,0,677.2570565,50.57801248
Point (31.21681200000006129 -10.29010799999997516),ZM201800000425,ZM,2018,425,ZM,7,Northern,7,Northern,GPS,R,-10.290108,31.216812,908,1313,WGS84,0,680.7951018,244.9053986
Point (31.89398900000003323 -13.85156399999993937),ZM201800000426,ZM,2018,426,ZM,3,Eastern,3,Eastern,GPS,R,-13.851564,31.893989,585,780,WGS84,0,568.4198721,180.6711484
Point (27.84684500000003027 -12.56407399999994823),ZM201800000427,ZM,2018,427,ZM,2,Copperbelt,2,Copperbelt,GPS,U,-12.564074,27.846845,159,1354,WGS84,38,459.3237379,3.448853443
Point (24.44462500000003047 -13.45430599999997412),ZM201800000428,ZM,2018,428,ZM,8,North Western,8,North Western,GPS,R,-13.454306,24.444625,9999,1153,WGS84,0,645.6829445,162.3501597
Point (27.41463800000002493 -12.81384199999996554),ZM201800000429,ZM,2018,429,ZM,2,Copperbelt,2,Copperbelt,GPS,R,-12.813842,27.414638,1030,1256,WGS84,0,467.986987,51.41650642
Point (26.41004500000002508 -11.9784909999999627),ZM201800000430,ZM,2018,430,ZM,8,North Western,8,North Western,GPS,R,-11.978491,26.410045,1484,1479,WGS84,5,528.6147392,12.2209905
Point (29.59774000000004435 -11.84309799999994084),ZM201800000431,ZM,2018,431,ZM,4,Luapula,4,Luapula,GPS,R,-11.843098,29.59774,919,1171,WGS84,0,521.0381487,113.2931064
Point (25.71642900000006193 -12.04812399999997297),ZM201800000432,ZM,2018,432,ZM,8,North Western,8,North Western,GPS,R,-12.048124,25.716429,556,1302,WGS84,1,568.3914637,23.09066469
Point (26.99611500000003161 -16.51792799999992667),ZM201800000433,ZM,2018,433,ZM,9,Southern,9,Southern,GPS,R,-16.517928,26.996115,1184,1189,WGS84,0,542.7982698,80.57730303
Point (29.0775660000000471 -9.68619999999992842),ZM201800000434,ZM,2018,434,ZM,4,Luapula,4,Luapula,GPS,R,-9.6862,29.077566,1331,1335,WGS84,0,652.5633118,125.0070563
Point (26.88640700000007655 -16.93749799999994821),ZM201800000435,ZM,2018,435,ZM,9,Southern,9,Southern,GPS,R,-16.937498,26.886407,1282,1291,WGS84,0,562.7857985,55.58225607
Point (28.38956000000007407 -15.44401399999998148),ZM201800000436,ZM,2018,436,ZM,5,Lusaka,5,Lusaka,GPS,U,-15.444014,28.38956,9999,1291,WGS84,4,473.3312985,17.07999527
Point (28.45736900000002834 -13.25492899999994734),ZM201800000437,ZM,2018,437,ZM,2,Copperbelt,2,Copperbelt,GPS,R,-13.254929,28.457369,1173,1223,WGS84,13,449.320916,25.14801864
Point (32.59623000000004822 -13.75498899999996638),ZM201800000438,ZM,2018,438,ZM,3,Eastern,3,Eastern,GPS,R,-13.754989,32.59623,1102,1066,WGS84,0,611.738561,130.137991
Point (28.27385200000003351 -15.46517999999997528),ZM201800000439,ZM,2018,439,ZM,5,Lusaka,5,Lusaka,GPS,U,-15.46518,28.273852,1285,1278,WGS84,5,475.0731398,9.043931521
Point (28.30728500000003578 -15.41198799999995117),ZM201800000440,ZM,2018,440,ZM,5,Lusaka,5,Lusaka,GPS,U,-15.411988,28.307285,9999,1290,WGS84,5,473.6216771,15.4565293
Point (23.21274500000004082 -13.31436699999994744),ZM201800000441,ZM,2018,441,ZM,8,North Western,8,North Western,GPS,R,-13.314367,23.212745,1076,1069,WGS84,0,750.2626922,255.1690688
Point (28.93465200000002824 -11.00737399999997024),ZM201800000442,ZM,2018,442,ZM,4,Luapula,4,Luapula,GPS,R,-11.007374,28.934652,1286,1317,WGS84,3,549.2936906,18.45097912
Point (32.63303100000007362 -13.7062729999999533),ZM201800000443,ZM,2018,443,ZM,3,Eastern,3,Eastern,GPS,U,-13.706273,32.633031,1045,1070,WGS84,0,614.9452136,123.6537652
Point (28.23168300000003228 -15.42180599999994683),ZM201800000444,ZM,2018,444,ZM,5,Lusaka,5,Lusaka,GPS,U,-15.421806,28.231683,1274,1271,WGS84,5,474.8121838,13.29466199
Point (31.15068200000007437 -8.83913599999993949),ZM201800000445,ZM,2018,445,ZM,7,Northern,7,Northern,GPS,R,-8.839136,31.150682,9999,1061,WGS84,0,786.6764854,205.0166315
Point (22.42738600000006954 -15.8109789999999748),ZM201800000446,ZM,2018,446,ZM,10,Western,10,Western,GPS,R,-15.810979,22.427386,1033,1035,WGS84,0,839.5378168,502.359198
Point (32.75367400000004636 -9.32444599999996626),ZM201800000447,ZM,2018,447,ZM,6,Muchinga,6,Muchinga,GPS,U,-9.324446,32.753674,1624,1627,WGS84,0,827.0348715,68.51250528
Point (30.91217200000005505 -10.12631899999996676),ZM201800000448,ZM,2018,448,ZM,7,Northern,7,Northern,GPS,R,-10.126319,30.912172,1355,1341,WGS84,0,678.2531466,218.4702416
Point (32.87124100000005456 -13.44460199999997485),ZM201800000449,ZM,2018,449,ZM,3,Eastern,3,Eastern,GPS,R,-13.444602,32.871241,1108,1112,WGS84,0,635.5549505,88.44753247
Point (28.28224500000004582 -15.60355099999998174),ZM201800000450,ZM,2018,450,ZM,5,Lusaka,5,Lusaka,GPS,R,-15.603551,28.282245,9999,1184,WGS84,8,477.8497426,6.468962208
Point (28.72564400000004525 -11.74282899999997198),ZM201800000451,ZM,2018,451,ZM,4,Luapula,4,Luapula,GPS,R,-11.742829,28.725644,1342,1340,WGS84,0,500.5539323,67.36740753
Point (32.52247400000004518 -13.85657699999995884),ZM201800000452,ZM,2018,452,ZM,3,Eastern,3,Eastern,GPS,R,-13.856577,32.522474,1097,1100,WGS84,0,605.380825,143.604333
Point (30.45368045659595424 -8.42882882080503038),ZM201800000453,ZM,2018,453,ZM,7,Northern,7,Northern,GPS,R,-8.428828821,30.45368046,782,787,WGS84,0,796.3233216,135.0086465
Point (28.34168200000004845 -15.36226599999997688),ZM201800000454,ZM,2018,454,ZM,5,Lusaka,5,Lusaka,GPS,U,-15.362266,28.341682,1224,1223,WGS84,5,472.2849295,21.84765301
Point (31.89423300000004247 -9.21834399999994503),ZM201800000455,ZM,2018,455,ZM,7,Northern,7,Northern,GPS,R,-9.218344,31.894233,9999,1398,WGS84,0,789.8925715,150.3504318
Point (28.43250800000004119 -13.15515399999998181),ZM201800000456,ZM,2018,456,ZM,2,Copperbelt,2,Copperbelt,GPS,U,-13.155154,28.432508,158,1236,WGS84,30,449.2472808,15.04000809
Point (28.31771000000003369 -15.44257799999996905),ZM201800000457,ZM,2018,457,ZM,5,Lusaka,5,Lusaka,GPS,U,-15.442578,28.31771,1289,1283,WGS84,5,474.0843044,12.59744966
Point (31.82102000000003272 -10.93295999999998003),ZM201800000458,ZM,2018,458,ZM,6,Muchinga,6,Muchinga,GPS,R,-10.93296,31.82102,1343,1431,WGS84,0,671.4645446,227.5933116
Point (29.66655700000006846 -8.47237999999993008),ZM201800000459,ZM,2018,459,ZM,7,Northern,7,Northern,GPS,R,-8.47238,29.666557,957,960,WGS84,0,770.6678772,51.25269539
Point (29.62203800000003184 -11.74407699999994747),ZM201800000460,ZM,2018,460,ZM,4,Luapula,4,Luapula,GPS,R,-11.744077,29.622038,1178,1176,WGS84,0,526.8117109,108.166052
Point (28.65088100000002669 -12.98137399999995978),ZM201800000461,ZM,2018,461,ZM,2,Copperbelt,2,Copperbelt,GAZ,U,-12.981374,28.650881,987,1291,WGS84,17,453.198019,4.120266093
Point (28.30365600000004633 -15.39130999999997584),ZM201800000462,ZM,2018,462,ZM,5,Lusaka,5,Lusaka,GPS,U,-15.39131,28.303656,1261,1260,WGS84,5,473.2729934,17.60952795
Point (24.65354400000006763 -17.23624199999994744),ZM201800000463,ZM,2018,463,ZM,10,Western,10,Western,GPS,R,-17.236242,24.653544,934,979,WGS84,0,707.2264802,225.8090142
Point (28.21420500000004949 -12.59863299999994979),ZM201800000464,ZM,2018,464,ZM,2,Copperbelt,2,Copperbelt,GPS,U,-12.598633,28.214205,1262,1269,WGS84,46,455.5776684,6.282364149
Point (23.19129600000002256 -13.48180999999993901),ZM201800000465,ZM,2018,465,ZM,8,North Western,8,North Western,GPS,R,-13.48181,23.191296,1076,1087,WGS84,0,751.2279207,266.2037213
Point (23.58068300000007866 -14.9975669999999468),ZM201800000466,ZM,2018,466,ZM,10,Western,10,Western,GPS,R,-14.997567,23.580683,1053,1065,WGS84,0,726.2051513,357.0618004
Point (23.25402500000006967 -14.35765099999997574),ZM201800000467,ZM,2018,467,ZM,10,Western,10,Western,GPS,U,-14.357651,23.254025,1054,1052,WGS84,0,746.8503622,321.9698155
Point (25.88020200000005389 -17.83248199999997041),ZM201800000468,ZM,2018,468,ZM,9,Southern,9,Southern,GPS,U,-17.832482,25.880202,939,934,WGS84,0,654.3950819,82.25284571
Point (28.73742000000004282 -9.33296799999993709),ZM201800000470,ZM,2018,470,ZM,4,Luapula,4,Luapula,GPS,U,-9.332968,28.73742,945,948,WGS84,0,677.2845272,70.85853802
Point (22.88633300000003601 -15.14592999999996437),ZM201800000471,ZM,2018,471,ZM,10,Western,10,Western,GPS,R,-15.14593,22.886333,1022,1017,WGS84,0,787.346381,413.8965934
Point (26.4076710000000503 -12.16867899999994052),ZM201800000472,ZM,2018,472,ZM,8,North Western,8,North Western,GPS,U,-12.168679,26.407671,1360,1357,WGS84,5,523.6609134,8.671678498
Point (24.17512300000004188 -14.56053699999995388),ZM201800000473,ZM,2018,473,ZM,10,Western,10,Western,GPS,R,-14.560537,24.175123,616,1082,WGS84,0,672.2196358,283.7083969
Point (32.89766000000003032 -12.47535599999997658),ZM201800000474,ZM,2018,474,ZM,3,Eastern,3,Eastern,GPS,R,-12.475356,32.89766,163,1034,WGS84,2,664.8132143,25.8135341
Point (24.21222500000004629 -13.60421699999994871),ZM201800000475,ZM,2018,475,ZM,8,North Western,8,North Western,GPS,U,-13.604217,24.212225,1099,1106,WGS84,0,664.1479753,190.7384936
Point (28.9353560000000698 -14.69692299999996976),ZM201800000476,ZM,2018,476,ZM,1,Central,1,Central,GPS,R,-14.696923,28.935356,1103,1099,WGS84,0,460.8184826,59.8053236
Point (28.19778100000007726 -12.80330599999996366),ZM201800000477,ZM,2018,477,ZM,2,Copperbelt,2,Copperbelt,GPS,U,-12.803306,28.197781,706,1248,WGS84,46,450.6407006,1.313479697
Point (27.06096400000006952 -15.01032199999997374),ZM201800000478,ZM,2018,478,ZM,1,Central,1,Central,GPS,U,-15.010322,27.060964,909,1154,WGS84,0,499.4497637,105.6680525
Point (30.17586000000005697 -13.29717699999997649),ZM201800000479,ZM,2018,479,ZM,1,Central,1,Central,GPS,R,-13.297177,30.17586,1043,1361,WGS84,0,495.6270906,88.32336199
Point (31.45747400000004745 -11.60763899999994919),ZM201800000480,ZM,2018,480,ZM,6,Muchinga,6,Muchinga,GPS,R,-11.607639,31.457474,1392,1401,WGS84,0,616.2537366,207.930425
Point (27.03350900000003776 -12.30376799999993409),ZM201800000481,ZM,2018,481,ZM,8,North Western,8,North Western,GPS,R,-12.303768,27.033509,1380,1372,WGS84,0,491.3792655,69.66048542
Point (30.44211300000006304 -12.21070499999996173),ZM201800000482,ZM,2018,482,ZM,6,Muchinga,6,Muchinga,GPS,R,-12.210705,30.442113,671,1175,WGS84,0,539.3562321,192.6927124
Point (32.7482850000000667 -9.31488599999994449),ZM201800000483,ZM,2018,483,ZM,6,Muchinga,6,Muchinga,GPS,U,-9.314886,32.748285,1631,1632,WGS84,0,827.4185099,68.32655457
Point (28.78815900000006422 -15.50099199999993971),ZM201800000484,ZM,2018,484,ZM,5,Lusaka,5,Lusaka,GPS,R,-15.500992,28.788159,1066,1031,WGS84,0,472.2530471,55.6711462
Point (25.69169300000004341 -13.39448399999997719),ZM201800000485,ZM,2018,485,ZM,8,North Western,8,North Western,GPS,R,-13.394484,25.691693,1290,1293,WGS84,0,554.4627727,130.1335045
Point (29.64454200000005812 -11.11676499999992984),ZM201800000486,ZM,2018,486,ZM,4,Luapula,4,Luapula,GPS,R,-11.116765,29.644542,1180,1176,WGS84,0,562.867075,73.82814938
Point (24.82310600000005252 -11.72069699999997283),ZM201800000487,ZM,2018,487,ZM,8,North Western,8,North Western,GPS,R,-11.720697,24.823106,1494,1482,WGS84,0,642.5724882,79.03203233
Point (32.64932600000003049 -13.64592599999997447),ZM201800000488,ZM,2018,488,ZM,3,Eastern,3,Eastern,GPS,U,-13.645926,32.649326,1171,1153,WGS84,0,617.123408,116.7534757
Point (28.4262880000000564 -14.46644699999995964),ZM201800000489,ZM,2018,489,ZM,1,Central,1,Central,GPS,U,-14.466447,28.426288,1182,1186,WGS84,2,457.5735444,1.401225471
Point (23.67410200000006171 -13.86886599999996861),ZM201800000490,ZM,2018,490,ZM,8,North Western,8,North Western,GPS,R,-13.868866,23.674102,1077,1082,WGS84,0,708.9089186,251.3995948
Point (28.77048700000005965 -11.49961099999995895),ZM201800000491,ZM,2018,491,ZM,4,Luapula,4,Luapula,GPS,R,-11.499611,28.770487,1369,1357,WGS84,1,515.0278554,39.8781873
Point (31.71130800000003092 -9.75780399999996462),ZM201800000492,ZM,2018,492,ZM,7,Northern,7,Northern,GPS,R,-9.757804,31.711308,1262,1231,WGS84,0,741.3222529,190.9931397
Point (31.04606200000006311 -9.99082699999996748),ZM201800000493,ZM,2018,493,ZM,7,Northern,7,Northern,GPS,R,-9.990827,31.046062,1363,1336,WGS84,0,693.6985591,237.6858247
Point (26.51060600000005252 -16.32795899999996436),ZM201800000494,ZM,2018,494,ZM,9,Southern,9,Southern,GPS,R,-16.327959,26.510606,1132,1171,WGS84,0,559.0529618,129.0547047
Point (28.63019600000006903 -13.02319699999998193),ZM201800000495,ZM,2018,495,ZM,2,Copperbelt,2,Copperbelt,GPS,U,-13.023197,28.630196,1278,1278,WGS84,21,452.3487266,5.644283347
Point (27.75804700000003322 -15.84541999999993322),ZM201800000496,ZM,2018,496,ZM,9,Southern,9,Southern,GPS,U,-15.84542,27.758047,810,1029,WGS84,5,495.0185413,40.75429113
Point (28.24580700000007027 -15.43193299999995816),ZM201800000497,ZM,2018,497,ZM,5,Lusaka,5,Lusaka,GPS,U,-15.431933,28.245807,1274,1276,WGS84,5,474.8074736,13.0155055
Point (28.6712060000000406 -12.94831699999997454),ZM201800000498,ZM,2018,498,ZM,2,Copperbelt,2,Copperbelt,GPS,U,-12.948317,28.671206,1270,1271,WGS84,13,454.06413,3.543731475
Point (23.00529400000004898 -14.61588499999993473),ZM201800000499,ZM,2018,499,ZM,10,Western,10,Western,GPS,R,-14.615885,23.005294,1028,1031,WGS84,0,770.4954423,361.2410892
Point (32.64078700000004574 -10.16409799999996721),ZM201800000500,ZM,2018,500,ZM,6,Muchinga,6,Muchinga,GPS,U,-10.164098,32.640787,9999,1324,WGS84,0,763.7870386,114.508324
Point (28.71590200000002824 -9.97737399999994068),ZM201800000501,ZM,2018,501,ZM,4,Luapula,4,Luapula,GPS,R,-9.977374,28.715902,956,953,WGS84,0,622.5039039,99.85434493
Point (29.04344900000006646 -9.0384059999999522),ZM201800000502,ZM,2018,502,ZM,4,Luapula,4,Luapula,GAZ,R,-9.038406,29.043449,9999,945,WGS84,0,707.6036732,84.43219668
Point (28.6590420000000563 -10.48997699999995348),ZM201800000503,ZM,2018,503,ZM,4,Luapula,4,Luapula,GPS,R,-10.489977,28.659042,956,947,WGS84,0,581.1934887,55.36644601
Point (25.83326500000003989 -17.8472969999999691),ZM201800000504,ZM,2018,504,ZM,9,Southern,9,Southern,GPS,U,-17.847297,25.833265,929,938,WGS84,0,657.9100098,84.77830114
Point (29.64964400000002342 -8.46119099999992841),ZM201800000505,ZM,2018,505,ZM,7,Northern,7,Northern,GPS,U,-8.461191,29.649644,950,949,WGS84,2,771.296008,49.06726416
Point (27.81793600000003153 -15.76451899999995021),ZM201800000506,ZM,2018,506,ZM,9,Southern,9,Southern,GPS,U,-15.764519,27.817936,985,983,WGS84,6,491.2543742,31.84148814
Point (31.6511040000000321 -11.70583899999996902),ZM201800000507,ZM,2018,507,ZM,6,Muchinga,6,Muchinga,GPS,R,-11.705839,31.651104,1135,1292,WGS84,0,621.9379059,184.3904673
Point (28.68261600000005274 -13.9758059999999773),ZM201800000508,ZM,2018,508,ZM,1,Central,1,Central,GPS,U,-13.975806,28.682616,1270,1270,WGS84,1,453.1361682,49.54193803
Point (28.36694800000003625 -15.30861899999996467),ZM201800000509,ZM,2018,509,ZM,5,Lusaka,5,Lusaka,GPS,R,-15.308619,28.366948,1193,1168,WGS84,3,471.0276115,28.38837176
Point (27.16200300000002699 -16.33842499999997244),ZM201800000510,ZM,2018,510,ZM,9,Southern,9,Southern,GPS,R,-16.338425,27.162003,1064,1066,WGS84,0,529.9949086,92.86404467
Point (31.43952400000006264 -9.26145199999996294),ZM201800000511,ZM,2018,511,ZM,7,Northern,7,Northern,GPS,R,-9.261452,31.439524,1678,1690,WGS84,0,765.3645059,194.0297824
Point (23.09588000000002239 -13.51332299999995712),ZM201800000512,ZM,2018,512,ZM,8,North Western,8,North Western,GPS,R,-13.513323,23.09588,1046,1057,WGS84,0,759.5292083,276.881582
Point (27.88325500000007651 -12.84806699999995772),ZM201800000513,ZM,2018,513,ZM,2,Copperbelt,2,Copperbelt,GPS,R,-12.848067,27.883255,888,1270,WGS84,39,454.1630435,16.77316201
Point (28.42337200000002895 -13.05606099999994285),ZM201800000514,ZM,2018,514,ZM,2,Copperbelt,2,Copperbelt,GPS,R,-13.056061,28.423372,1259,1250,WGS84,32,449.5491774,9.280863247
Point (25.16762800000003608 -16.78294199999993452),ZM201800000515,ZM,2018,515,ZM,10,Western,10,Western,GPS,R,-16.782942,25.167628,561,981,WGS84,0,654.1804775,208.5962491
Point (23.18136200000003555 -15.3680899999999383),ZM201800000516,ZM,2018,516,ZM,10,Western,10,Western,GPS,R,-15.36809,23.181362,805,1031,WGS84,0,765.8041006,414.8977166
Point (28.28760700000003681 -15.45873799999998255),ZM201800000517,ZM,2018,517,ZM,5,Lusaka,5,Lusaka,GPS,U,-15.458738,28.287607,1286,1281,WGS84,5,474.7685767,9.918952739
Point (32.39339400000005753 -12.08980399999995825),ZM201800000518,ZM,2018,518,ZM,6,Muchinga,6,Muchinga,GPS,R,-12.089804,32.393394,486,602,WGS84,0,647.8495187,94.57532957
Point (28.24214900000004036 -15.37483599999995931),ZM201800000519,ZM,2018,519,ZM,5,Lusaka,5,Lusaka,GPS,U,-15.374836,28.242149,1245,1261,WGS84,5,473.7652328,18.40339108
Point (32.28605900000007978 -9.97868599999992512),ZM201800000520,ZM,2018,520,ZM,6,Muchinga,6,Muchinga,GPS,R,-9.978686,32.286059,1260,1283,WGS84,0,755.89992,151.955549
Point (28.40563700000006975 -14.44235999999995101),ZM201800000521,ZM,2018,521,ZM,1,Central,1,Central,GPS,U,-14.44236,28.405637,1192,1196,WGS84,2,457.4125538,3.86560769
Point (29.42152500000003101 -9.96575399999994715),ZM201800000522,ZM,2018,522,ZM,4,Luapula,4,Luapula,GPS,R,-9.965754,29.421525,1236,1235,WGS84,0,637.6799322,103.2829076
Point (32.63519200000007459 -13.62072499999993624),ZM201800000523,ZM,2018,523,ZM,3,Eastern,3,Eastern,GPS,U,-13.620725,32.635192,899,1126,WGS84,0,616.7246647,114.7082065
Point (29.41822500000006357 -13.86281199999996261),ZM201800000524,ZM,2018,524,ZM,1,Central,1,Central,GPS,R,-13.862812,29.418225,1297,1314,WGS84,2,464.2666247,24.70798658
Point (31.39494100000007393 -14.03018599999995786),ZM201800000525,ZM,2018,525,ZM,3,Eastern,3,Eastern,GPS,R,-14.030186,31.394941,899,901,WGS84,0,539.3026135,215.4897645
Point (23.13686300000006213 -15.27058199999993349),ZM201800000526,ZM,2018,526,ZM,10,Western,10,Western,GPS,U,-15.270582,23.136863,1028,1037,WGS84,0,767.8507354,408.6524688
Point (33.15899400000006381 -13.97831899999994221),ZM201800000527,ZM,2018,527,ZM,3,Eastern,3,Eastern,GPS,R,-13.978319,33.158994,959,1036,WGS84,0,644.6831481,136.801503
Point (27.70786900000007336 -14.79972999999995409),ZM201800000528,ZM,2018,528,ZM,1,Central,1,Central,GPS,R,-14.79973,27.707869,894,1132,WGS84,0,474.0352922,80.00761879
Point (31.77035800000004429 -10.72399299999995037),ZM201800000529,ZM,2018,529,ZM,6,Muchinga,6,Muchinga,GPS,R,-10.723993,31.770358,1063,1345,WGS84,0,680.9619111,223.2065404
Point (32.68204400000007581 -13.54572099999995771),ZM201800000530,ZM,2018,530,ZM,3,Eastern,3,Eastern,GPS,R,-13.545721,32.682044,160,1095,WGS84,0,621.2087663,105.0824038
Point (28.45524300000005269 -14.44231799999994337),ZM201800000531,ZM,2018,531,ZM,1,Central,1,Central,GPS,U,-14.442318,28.455243,924,1203,WGS84,2,457.1531183,2.724936712
Point (28.14420400000005884 -16.17789599999997563),ZM201800000532,ZM,2018,532,ZM,9,Southern,9,Southern,GPS,R,-16.177896,28.144204,1309,1344,WGS84,4,495.1336701,28.12122857
Point (32.76159489954818582 -9.32817193956628898),ZM201800000533,ZM,2018,533,ZM,6,Muchinga,6,Muchinga,GPS,U,-9.32817194,32.7615949,9999,1683,WGS84,0,827.2124834,68.09379886
Point (24.07984700000002931 -16.28844399999996995),ZM201800000534,ZM,2018,534,ZM,10,Western,10,Western,GPS,R,-16.288444,24.079847,1018,1027,WGS84,0,715.6402954,336.7361424
Point (27.38868700000006129 -15.38506499999994048),ZM201800000535,ZM,2018,535,ZM,1,Central,1,Central,GPS,R,-15.385065,27.388687,1008,1010,WGS84,0,495.2468422,57.10605439
Point (25.84703600000005963 -12.31189599999993334),ZM201800000536,ZM,2018,536,ZM,8,North Western,8,North Western,GPS,R,-12.311896,25.847036,1387,1378,WGS84,1,554.0315037,9.577371039
Point (28.09312400000004573 -15.34204399999993029),ZM201800000537,ZM,2018,537,ZM,5,Lusaka,5,Lusaka,GPS,R,-15.342044,28.093124,1188,1193,WGS84,5,475.5240497,21.55389406
Point (27.25930500000004031 -12.94665999999995165),ZM201800000538,ZM,2018,538,ZM,2,Copperbelt,2,Copperbelt,GPS,R,-12.94666,27.259305,963,1231,WGS84,0,472.5843465,73.62944589
Point (26.50721700000002556 -16.64647499999995262),ZM201800000539,ZM,2018,539,ZM,9,Southern,9,Southern,GPS,R,-16.646475,26.507217,885,1254,WGS84,0,570.0905609,106.6159686
Point (28.34868700000004083 -15.39249299999994491),ZM201800000540,ZM,2018,540,ZM,5,Lusaka,5,Lusaka,GPS,U,-15.392493,28.348687,1269,1268,WGS84,5,472.7742175,19.04843332
Point (28.37006700000006276 -15.41608099999996284),ZM201800000541,ZM,2018,541,ZM,5,Lusaka,5,Lusaka,GPS,U,-15.416081,28.370067,1263,1265,WGS84,4,472.9931687,17.9825801
Point (32.9469550000000595 -11.15045299999997042),ZM201800000542,ZM,2018,542,ZM,6,Muchinga,6,Muchinga,GPS,R,-11.150453,32.946955,660,677,WGS84,0,725.7804609,117.14842
Point (28.29957000000007383 -15.76991799999996147),ZM201800000543,ZM,2018,543,ZM,5,Lusaka,5,Lusaka,GPS,R,-15.769918,28.29957,9999,1086,WGS84,7,481.4773792,14.14704516
Point (30.03949500000004491 -12.87639199999995299),ZM201800000544,ZM,2018,544,ZM,1,Central,1,Central,GPS,R,-12.876392,30.039495,884,1259,WGS84,0,499.6253568,107.0310291
Point (32.60890500000004977 -9.42195399999997107),ZM201800000545,ZM,2018,545,ZM,6,Muchinga,6,Muchinga,GPS,R,-9.421954,32.608905,9999,1394,WGS84,0,812.0138615,87.71105779