wkt_geom,DHSID,DHSCC,DHSYEAR,DHSCLUST,CCFIPS,ADM1DHS,ADM1NAME,DHSREGCO,DHSREGNA,SOURCE,URBAN_RURA,LATNUM,LONGNUM,ALT_GPS,ALT_DEM,DATUM,n_mines,avg_dist,rms_dist
Point (32.06630800000004911 -13.89568499999995765),ZM201800000001,ZM,2018,1,ZM,3,Eastern,3,Eastern,GPS,R,-13.895685,32.066308,745,1047,WGS84,0,577.4970506032099,603.929650047553
Point (28.73624800000004598 -13.41920899999996664),ZM201800000002,ZM,2018,2,ZM,2,Copperbelt,2,Copperbelt,GPS,R,-13.419209,28.736248,1308,1305,WGS84,8,452.05921776049587,511.94147875110946
Point (31.13253800000006777 -8.75405499999993708),ZM201800000003,ZM,2018,3,ZM,7,Northern,7,Northern,GPS,U,-8.754055,31.132538,9999,780,WGS84,0,792.9652965960181,846.370410181076
Point (28.44929900000005318 -14.41911199999992732),ZM201800000004,ZM,2018,4,ZM,1,Central,1,Central,GPS,U,-14.419112,28.449299,1181,1185,WGS84,2,456.91959567080283,499.1197070828091
Point (29.96905200000003333 -12.67727499999995189),ZM201800000005,ZM,2018,5,ZM,1,Central,1,Central,GPS,R,-12.677275,29.969052,1224,1197,WGS84,0,502.4550700740397,548.8653761647677
Point (32.74745300000006409 -9.31905399999993733),ZM201800000006,ZM,2018,6,ZM,6,Muchinga,6,Muchinga,GPS,U,-9.319054,32.747453,1635,1657,WGS84,0,827.0728328126493,868.2454494819592
Point (28.70363900000006652 -16.52396599999997306),ZM201800000007,ZM,2018,7,ZM,9,Southern,9,Southern,GPS,U,-16.523966,28.703639,523,527,WGS84,0,497.3380527761344,543.7160678271308
Point (25.1706330000000662 -17.73199699999997847),ZM201800000008,ZM,2018,8,ZM,9,Southern,9,Southern,GPS,R,-17.731997,25.170633,926,932,WGS84,0,693.9513437322946,730.8562654583276
Point (28.68758200000007719 -13.56401499999992666),ZM201800000009,ZM,2018,9,ZM,2,Copperbelt,2,Copperbelt,GPS,R,-13.564015,28.687582,1017,1291,WGS84,0,451.52337649578595,508.52743125286486
Point (25.83531700000003184 -17.86233599999997068),ZM201800000010,ZM,2018,10,ZM,9,Southern,9,Southern,GPS,U,-17.862336,25.835317,887,908,WGS84,0,658.5289745928231,701.809957509991
Point (31.00999900000005027 -12.67926199999993742),ZM201800000011,ZM,2018,11,ZM,6,Muchinga,6,Muchinga,GPS,R,-12.679262,31.009999,1450,1574,WGS84,0,549.4909445501783,582.065022163786
Point (33.21850300000005518 -12.39080099999995355),ZM201800000012,ZM,2018,12,ZM,3,Eastern,3,Eastern,GPS,R,-12.390801,33.218503,1193,1170,WGS84,2,689.2192320722667,718.9655527251882
Point (29.4741430000000264 -10.75179099999996879),ZM201800000013,ZM,2018,13,ZM,7,Northern,7,Northern,GPS,R,-10.751791,29.474143,1201,1232,WGS84,1,581.1075452544816,653.1413508703023
Point (31.26560000000006312 -8.86176399999993691),ZM201800000014,ZM,2018,14,ZM,7,Northern,7,Northern,GPS,R,-8.861764,31.2656,9999,1563,WGS84,0,789.5477964824913,841.533261176315
Point (29.60284400000006144 -13.64070399999997107),ZM201800000015,ZM,2018,15,ZM,1,Central,1,Central,GPS,R,-13.640704,29.602844,1091,1431,WGS84,1,470.5285192732602,511.07388307004874
Point (28.65796600000004446 -10.51977299999992965),ZM201800000016,ZM,2018,16,ZM,4,Luapula,4,Luapula,GPS,U,-10.519773,28.657966,967,969,WGS84,0,578.9172686459293,668.2644948415082
Point (29.53912300000007463 -11.51650099999994836),ZM201800000017,ZM,2018,17,ZM,4,Luapula,4,Luapula,GPS,R,-11.516501,29.539123,1206,1215,WGS84,0,535.891548743883,602.5935990217588
Point (22.03566600000004883 -15.24197099999997818),ZM201800000018,ZM,2018,18,ZM,10,Western,10,Western,GPS,R,-15.241971,22.035666,1023,1049,WGS84,0,864.1679884896434,895.6558748939923
Point (26.40612300000003643 -12.18093099999993001),ZM201800000020,ZM,2018,20,ZM,8,North Western,8,North Western,GPS,U,-12.180931,26.406123,1345,1348,WGS84,5,523.4694777153572,624.4030462335285
Point (31.35588000000007014 -11.29182799999995268),ZM201800000021,ZM,2018,21,ZM,6,Muchinga,6,Muchinga,GPS,R,-11.291828,31.35588,1086,1389,WGS84,0,627.1110304879757,666.8983133719265
Point (31.36075700000003508 -8.85799299999996492),ZM201800000022,ZM,2018,22,ZM,7,Northern,7,Northern,GPS,U,-8.857993,31.360757,9999,1629,WGS84,0,793.8595456945435,845.014255107891
Point (30.51587200000005851 -11.59309899999993831),ZM201800000023,ZM,2018,23,ZM,6,Muchinga,6,Muchinga,GPS,R,-11.593099,30.515872,1172,1177,WGS84,0,570.8753417307023,618.3453751913821
Point (28.56271500000002561 -14.04894599999994398),ZM201800000024,ZM,2018,24,ZM,1,Central,1,Central,GPS,R,-14.048946,28.562715,1243,1228,WGS84,2,453.2489822554234,500.75420916723704
Point (32.82581000000004678 -14.01875999999992928),ZM201800000025,ZM,2018,25,ZM,3,Eastern,3,Eastern,GPS,R,-14.01876,32.82581,885,902,WGS84,0,622.0121262901807,651.6985775604395
Point (31.12506300000006831 -8.76397999999994681),ZM201800000026,ZM,2018,26,ZM,7,Northern,7,Northern,GPS,U,-8.76398,31.125063,9999,811,WGS84,0,791.8439085074807,845.3025746624227
Point (24.78735700000004272 -13.16563799999994444),ZM201800000027,ZM,2018,27,ZM,8,North Western,8,North Western,GAZ,R,-13.165638,24.787357,9999,1170,WGS84,0,619.9635835773382,685.7403728834248
Point (28.71047400000003336 -15.50466399999993428),ZM201800000028,ZM,2018,28,ZM,5,Lusaka,5,Lusaka,GPS,R,-15.504664,28.710474,1109,1075,WGS84,2,472.4801948915601,508.28550041359114
Point (28.28197000000005801 -15.4296179999999481),ZM201800000029,ZM,2018,29,ZM,5,Lusaka,5,Lusaka,GPS,U,-15.429618,28.28197,1283,1280,WGS84,5,474.2763491417687,510.88476345094006
Point (22.73359600000003411 -13.06565099999994572),ZM201800000030,ZM,2018,30,ZM,8,North Western,8,North Western,GPS,R,-13.065651,22.733596,9999,1094,WGS84,0,795.3756281369131,849.5319984535981
Point (27.96515700000003335 -15.82115099999992935),ZM201800000031,ZM,2018,31,ZM,9,Southern,9,Southern,GPS,R,-15.821151,27.965157,996,1005,WGS84,8,489.00327212336754,526.7601176958182
Point (31.69301200000006702 -14.06852399999996805),ZM201800000032,ZM,2018,32,ZM,3,Eastern,3,Eastern,GPS,R,-14.068524,31.693012,967,982,WGS84,0,554.3047358134195,580.3602647879279
Point (28.89465300000006209 -11.18957299999993893),ZM201800000034,ZM,2018,34,ZM,4,Luapula,4,Luapula,GPS,U,-11.189573,28.894653,1244,1229,WGS84,3,536.5252344409555,620.2274751083875
Point (28.26736700000003566 -15.36958599999996977),ZM201800000035,ZM,2018,35,ZM,5,Lusaka,5,Lusaka,GPS,U,-15.369586,28.267367,1229,1233,WGS84,5,473.3239523044557,509.8508477282024
Point (28.84548800000004576 -12.08053199999994831),ZM201800000036,ZM,2018,36,ZM,4,Luapula,4,Luapula,GPS,R,-12.080532,28.845488,772,1091,WGS84,0,486.61263071385207,566.431832779586
Point (31.07485000000002628 -9.73637299999995776),ZM201800000037,ZM,2018,37,ZM,7,Northern,7,Northern,GPS,R,-9.736373,31.07485,1114,1393,WGS84,0,713.4093664639109,764.6694551494595
Point (28.41841200000004619 -13.35206299999993007),ZM201800000038,ZM,2018,38,ZM,2,Copperbelt,2,Copperbelt,GPS,R,-13.352063,28.418412,683,1201,WGS84,9,449.2613087036442,516.4089332878787
Point (29.71897700000005216 -8.46111999999993714),ZM201800000039,ZM,2018,39,ZM,7,Northern,7,Northern,GPS,R,-8.46112,29.718977,975,963,WGS84,0,772.9167447306047,842.395400325716
Point (28.88898200000005545 -11.22173899999995683),ZM201800000040,ZM,2018,40,ZM,4,Luapula,4,Luapula,GPS,U,-11.221739,28.888982,1230,1228,WGS84,3,534.3748716895873,618.0934815405647
Point (31.66775800000004892 -9.97311799999994264),ZM201800000041,ZM,2018,41,ZM,7,Northern,7,Northern,GPS,R,-9.973118,31.667758,1237,1241,WGS84,0,724.0973968397909,768.9259009276218
Point (24.45505600000007007 -16.29888599999998178),ZM201800000042,ZM,2018,42,ZM,10,Western,10,Western,GPS,R,-16.298886,24.455056,1040,1030,WGS84,0,687.7547976988004,717.8740090645215
Point (28.28451100000006591 -15.37319699999994782),ZM201800000043,ZM,2018,43,ZM,5,Lusaka,5,Lusaka,GPS,U,-15.373197,28.284511,1231,1238,WGS84,5,473.1698264250602,509.66664886959256
Point (28.18750300000004927 -15.38968399999993153),ZM201800000044,ZM,2018,44,ZM,5,Lusaka,5,Lusaka,GPS,R,-15.389684,28.187503,1247,1238,WGS84,5,474.8556226826113,511.5436487203462
Point (23.18037800000007564 -15.32521799999994982),ZM201800000045,ZM,2018,45,ZM,10,Western,10,Western,GPS,R,-15.325218,23.180378,1034,1021,WGS84,0,765.1134180812395,797.7170078645363
Point (27.0735400000000368 -17.14886099999995395),ZM201800000046,ZM,2018,46,ZM,9,Southern,9,Southern,GPS,R,-17.148861,27.07354,1280,1307,WGS84,2,562.9732451454036,608.5044175358895
Point (25.28436000000004924 -14.76739999999995234),ZM201800000047,ZM,2018,47,ZM,10,Western,10,Western,GPS,R,-14.7674,25.28436,1187,1186,WGS84,0,592.9560767480464,633.4918838856026
Point (26.85604900000004136 -15.01433499999996002),ZM201800000048,ZM,2018,48,ZM,1,Central,1,Central,GPS,R,-15.014335,26.856049,1099,1120,WGS84,0,508.1692756034479,546.9161953471
Point (28.24741100000005645 -15.27877699999993411),ZM201800000049,ZM,2018,49,ZM,1,Central,1,Central,GPS,R,-15.278777,28.247411,1197,1192,WGS84,4,471.90645045965545,508.42534272586244
Point (26.39755800000006047 -12.1920669999999518),ZM201800000050,ZM,2018,50,ZM,8,North Western,8,North Western,GPS,U,-12.192067,26.397558,9999,1310,WGS84,5,523.6839109757302,624.2891437501993
Point (31.33336200000007921 -9.9483349999999291),ZM201800000051,ZM,2018,51,ZM,7,Northern,7,Northern,GPS,R,-9.948335,31.333362,1041,1355,WGS84,0,709.7516923675391,757.5467288031472
Point (24.96380900000002612 -11.87856299999992871),ZM201800000052,ZM,2018,52,ZM,8,North Western,8,North Western,GPS,R,-11.878563,24.963809,9999,1440,WGS84,0,627.0023528513033,720.1862985454783
Point (29.75301100000007182 -8.81615899999997055),ZM201800000053,ZM,2018,53,ZM,7,Northern,7,Northern,GPS,R,-8.816159,29.753011,429,968,WGS84,0,742.0653401691991,811.474175458586
Point (23.12012700000002496 -15.27597899999994979),ZM201800000054,ZM,2018,54,ZM,10,Western,10,Western,GPS,U,-15.275979,23.120127,1018,1014,WGS84,0,769.3666561484972,802.2224891073266
Point (32.58754300000003923 -13.64089899999993349),ZM201800000055,ZM,2018,55,ZM,3,Eastern,3,Eastern,GPS,R,-13.640899,32.587543,831,1055,WGS84,0,613.3334901834737,640.8785022450978
Point (28.36075000000005275 -15.40014599999994971),ZM201800000056,ZM,2018,56,ZM,5,Lusaka,5,Lusaka,GPS,U,-15.400146,28.36075,1284,1262,WGS84,5,472.78858138787376,509.1580383772981
Point (25.86629400000003898 -17.86564199999997982),ZM201800000057,ZM,2018,57,ZM,9,Southern,9,Southern,GPS,U,-17.865642,25.866294,907,913,WGS84,0,656.8500897327516,700.4491212990354
Point (28.09226100000006454 -14.72080199999993511),ZM201800000058,ZM,2018,58,ZM,1,Central,1,Central,GPS,R,-14.720802,28.092261,1152,1177,WGS84,2,464.76182139849703,504.8628689010556
Point (30.01873800000004167 -10.83146599999997761),ZM201800000059,ZM,2018,59,ZM,7,Northern,7,Northern,GPS,R,-10.831466,30.018738,939,1174,WGS84,0,594.3386720914224,655.3814654364593
Point (30.41960700000004181 -12.73440199999993183),ZM201800000060,ZM,2018,60,ZM,1,Central,1,Central,GPS,R,-12.734402,30.419607,965,1382,WGS84,0,519.8698743292651,558.434437761188
Point (27.3195140000000265 -14.92766299999993862),ZM201800000061,ZM,2018,61,ZM,1,Central,1,Central,GPS,R,-14.927663,27.319514,1230,1243,WGS84,0,488.1334326391441,527.6135629710351
Point (28.74595300000004272 -15.28408899999993764),ZM201800000062,ZM,2018,62,ZM,5,Lusaka,5,Lusaka,GPS,R,-15.284089,28.745953,1124,1135,WGS84,0,468.47257114768246,503.492298894787
Point (28.22691700000007131 -12.7571479999999724),ZM201800000063,ZM,2018,63,ZM,2,Copperbelt,2,Copperbelt,GPS,U,-12.757148,28.226917,517,1214,WGS84,46,451.64848592963176,539.6739563666287
Point (24.41142700000006016 -11.73123999999995704),ZM201800000064,ZM,2018,64,ZM,8,North Western,8,North Western,GPS,U,-11.73124,24.411427,1276,1360,WGS84,0,675.5421405324116,764.0495313768802
Point (29.55903600000004872 -10.9291229999999473),ZM201800000066,ZM,2018,66,ZM,4,Luapula,4,Luapula,GPS,R,-10.929123,29.559036,1238,1226,WGS84,0,571.9271472080217,641.509665023249
Point (29.63924900000006346 -10.93838199999993321),ZM201800000067,ZM,2018,67,ZM,4,Luapula,4,Luapula,GPS,R,-10.938382,29.639249,1175,1218,WGS84,0,573.9639621457446,641.8333391230349
Point (23.13520100000005186 -15.27029899999996587),ZM201800000068,ZM,2018,68,ZM,10,Western,10,Western,GPS,U,-15.270299,23.135201,1020,1044,WGS84,0,767.9871964766504,800.9039125004156
Point (28.76739000000003443 -13.08950199999998176),ZM201800000069,ZM,2018,69,ZM,2,Copperbelt,2,Copperbelt,GPS,U,-13.089502,28.76739,997,1336,WGS84,12,454.1850874610555,521.9210241762794
Point (31.18381000000005088 -10.25424799999996139),ZM201800000070,ZM,2018,70,ZM,7,Northern,7,Northern,GPS,U,-10.254248,31.18381,1288,1297,WGS84,0,681.667909921728,729.4524949160344
Point (29.89729300000004741 -10.79169099999995751),ZM201800000071,ZM,2018,71,ZM,7,Northern,7,Northern,GPS,R,-10.791691,29.897293,745,1175,WGS84,0,592.4815408143054,655.9621351714216
Point (24.41597500000005994 -11.76527099999992743),ZM201800000072,ZM,2018,72,ZM,8,North Western,8,North Western,GPS,R,-11.765271,24.415975,155,1391,WGS84,0,674.1357038318542,762.1742352614887
Point (24.07580400000006193 -10.95674099999996542),ZM201800000073,ZM,2018,73,ZM,8,North Western,8,North Western,GPS,R,-10.956741,24.075804,1292,1289,WGS84,0,733.1093773149424,826.2595512417856
Point (28.69063100000005306 -13.30519799999996167),ZM201800000074,ZM,2018,74,ZM,2,Copperbelt,2,Copperbelt,GPS,R,-13.305198,28.690631,1242,1220,WGS84,12,451.63834142872173,515.3985783406413
Point (30.13650000000006912 -11.36019499999997606),ZM201800000075,ZM,2018,75,ZM,4,Luapula,4,Luapula,GPS,R,-11.360195,30.1365,9999,1172,WGS84,0,567.041152007878,622.6268115753728
Point (25.87318300000004001 -17.87696399999992991),ZM201800000076,ZM,2018,76,ZM,9,Southern,9,Southern,GPS,U,-17.876964,25.873183,891,896,WGS84,0,657.0020553405401,700.7669108466421
Point (28.75498100000004342 -12.97576899999995703),ZM201800000077,ZM,2018,77,ZM,2,Copperbelt,2,Copperbelt,GPS,R,-12.975769,28.754981,1261,1247,WGS84,13,455.3249702384676,526.0065550718109
Point (28.17212000000006356 -12.7320039999999608),ZM201800000078,ZM,2018,78,ZM,2,Copperbelt,2,Copperbelt,GPS,U,-12.732004,28.17212,1238,1230,WGS84,48,452.0911079639918,541.5811135123391
Point (32.05305100000003904 -14.04203999999992902),ZM201800000079,ZM,2018,79,ZM,3,Eastern,3,Eastern,GPS,U,-14.04204,32.053051,1062,1061,WGS84,0,574.5820498431542,601.3725106475488
Point (29.01215900000005377 -9.01027399999998124),ZM201800000080,ZM,2018,80,ZM,4,Luapula,4,Luapula,GPS,R,-9.010274,29.012159,951,959,WGS84,0,709.6043826417185,789.7950924852911
Point (32.72965800000002901 -9.35676199999994651),ZM201800000081,ZM,2018,81,ZM,6,Muchinga,6,Muchinga,GPS,R,-9.356762,32.729658,9999,1654,WGS84,0,823.376804563455,864.5150909450809
Point (32.01233400000006668 -13.31005999999996448),ZM201800000082,ZM,2018,82,ZM,3,Eastern,3,Eastern,GPS,R,-13.31006,32.012334,540,588,WGS84,0,585.8528293705727,612.0653148320596
Point (28.89899600000006785 -11.19216799999998102),ZM201800000083,ZM,2018,83,ZM,4,Luapula,4,Luapula,GPS,U,-11.192168,28.898996,1201,1195,WGS84,3,536.4617531524941,620.0507594485856
Point (32.8260590000000434 -12.54965699999996787),ZM201800000084,ZM,2018,84,ZM,3,Eastern,3,Eastern,GPS,R,-12.549657,32.826059,375,1020,WGS84,2,657.5914165638501,686.4824028122532
Point (25.69913200000007691 -17.45004699999992681),ZM201800000085,ZM,2018,85,ZM,9,Southern,9,Southern,GPS,R,-17.450047,25.699132,952,1026,WGS84,0,647.416937506275,686.181115600175
Point (22.45329400000002806 -16.54635499999994863),ZM201800000086,ZM,2018,86,ZM,10,Western,10,Western,GPS,R,-16.546355,22.453294,801,1023,WGS84,0,855.9402652606697,882.2284545744095
Point (28.41729900000007092 -14.42094299999996565),ZM201800000087,ZM,2018,87,ZM,1,Central,1,Central,GPS,U,-14.420943,28.417299,1196,1196,WGS84,2,457.09784730249527,499.4901774201036
Point (31.19811300000003484 -10.20383299999997462),ZM201800000088,ZM,2018,88,ZM,7,Northern,7,Northern,GPS,U,-10.203833,31.198113,1374,1401,WGS84,0,685.7524137037382,733.6469830431182
Point (23.19840100000004668 -14.85613399999994044),ZM201800000089,ZM,2018,89,ZM,10,Western,10,Western,GPS,R,-14.856134,23.198401,807,1031,WGS84,0,756.4531554984763,792.7138319840627
Point (32.69115400000004001 -13.28507499999994934),ZM201800000090,ZM,2018,90,ZM,3,Eastern,3,Eastern,GPS,R,-13.285075,32.691154,935,973,WGS84,0,627.6224756303224,655.221462511616
Point (30.12578700000005938 -10.06733599999995477),ZM201800000091,ZM,2018,91,ZM,7,Northern,7,Northern,GPS,R,-10.067336,30.125787,1002,1413,WGS84,0,651.4615884776805,713.8814067172842
Point (28.73123753832709681 -9.31493962109621876),ZM201800000092,ZM,2018,92,ZM,4,Luapula,4,Luapula,GPS,U,-9.314939621,28.73123754,947,934,WGS84,0,678.784110682522,764.0428233180348
Point (23.21343700000005583 -15.43996499999997241),ZM201800000093,ZM,2018,93,ZM,10,Western,10,Western,GPS,U,-15.439965,23.213437,1038,1017,WGS84,0,764.443571838646,796.3430172168136
Point (28.59380200000003924 -13.20140599999996311),ZM201800000094,ZM,2018,94,ZM,2,Copperbelt,2,Copperbelt,GPS,R,-13.201406,28.593802,1224,1223,WGS84,12,450.6664470316556,519.2314280133551
Point (22.18988800000005313 -16.46651999999994587),ZM201800000095,ZM,2018,95,ZM,10,Western,10,Western,GPS,R,-16.46652,22.189888,805,1029,WGS84,0,876.4139177014857,902.5609718450088
Point (26.85195300000003726 -12.92772399999995514),ZM201800000096,ZM,2018,96,ZM,8,North Western,8,North Western,GPS,R,-12.927724,26.851953,1199,1193,WGS84,0,490.0810273219217,573.5888566629112
Point (28.10145400000004656 -15.54444699999993418),ZM201800000097,ZM,2018,97,ZM,5,Lusaka,5,Lusaka,GPS,R,-15.544447,28.101454,662,1149,WGS84,8,479.4959884135096,516.5335835432634
Point (22.38172600000007151 -14.76748099999997521),ZM201800000098,ZM,2018,98,ZM,10,Western,10,Western,GPS,R,-14.767481,22.381726,1031,1034,WGS84,0,827.1703731444862,862.6063432077982
Point (28.4292580000000612 -12.98282399999993686),ZM201800000099,ZM,2018,99,ZM,2,Copperbelt,2,Copperbelt,GPS,U,-12.982824,28.429258,1273,1304,WGS84,32,450.17373893002525,528.2557677446582
Point (28.24635800000004338 -12.87759399999993093),ZM201800000100,ZM,2018,100,ZM,2,Copperbelt,2,Copperbelt,GPS,U,-12.877594,28.246358,940,1198,WGS84,40,449.7963853412172,534.6075276725591
Point (24.32035400000006575 -13.40411099999994349),ZM201800000101,ZM,2018,101,ZM,8,North Western,8,North Western,GPS,U,-13.404111,24.320354,990,1087,WGS84,0,655.7972883991745,714.3562592439446
Point (28.33788600000002589 -15.35323899999997366),ZM201800000102,ZM,2018,102,ZM,5,Lusaka,5,Lusaka,GPS,U,-15.353239,28.337886,747,1248,WGS84,5,472.15940710168206,508.50737662571237
Point (23.82513700000004064 -14.7934339999999338),ZM201800000103,ZM,2018,103,ZM,10,Western,10,Western,GPS,R,-14.793434,23.825137,1084,1072,WGS84,0,703.2336910735402,741.2172081452042
Point (33.40342800000007628 -10.16422099999994089),ZM201800000104,ZM,2018,104,ZM,6,Muchinga,6,Muchinga,GPS,R,-10.164221,33.403428,829,1756,WGS84,3,810.1876031708534,846.8104483425998
Point (27.47068900000004987 -16.68365099999994072),ZM201800000105,ZM,2018,105,ZM,9,Southern,9,Southern,GPS,R,-16.683651,27.470689,1080,1018,WGS84,0,530.1797306179842,572.5753579707117
Point (27.51943200000005163 -17.07892599999996719),ZM201800000106,ZM,2018,106,ZM,9,Southern,9,Southern,GPS,R,-17.078926,27.519432,517,523,WGS84,2,543.201900198413,590.8411689919203
Point (32.62918600000006109 -13.63572999999996682),ZM201800000107,ZM,2018,107,ZM,3,Eastern,3,Eastern,GPS,U,-13.63573,32.629186,1139,1138,WGS84,0,616.0510267795543,643.7347045608778
Point (26.89449200000007068 -17.82324899999997569),ZM201800000108,ZM,2018,108,ZM,9,Southern,9,Southern,GPS,R,-17.823249,26.894492,699,673,WGS84,1,600.9598285669895,653.6634431695799
Point (28.69682900000003656 -10.39434499999993022),ZM201800000109,ZM,2018,109,ZM,4,Luapula,4,Luapula,GPS,U,-10.394345,28.696829,973,976,WGS84,0,589.0976062031436,677.4866061090154
Point (26.54908300000005283 -16.25464999999996962),ZM201800000110,ZM,2018,110,ZM,9,Southern,9,Southern,GPS,R,-16.25465,26.549083,1170,1172,WGS84,0,554.7698894351416,590.1076123827412
Point (27.36122400000004973 -17.49653999999998177),ZM201800000111,ZM,2018,111,ZM,9,Southern,9,Southern,GPS,R,-17.49654,27.361224,9999,494,WGS84,2,566.4662478671082,618.7506932408797
Point (26.34194400000006908 -12.15156799999994064),ZM201800000112,ZM,2018,112,ZM,8,North Western,8,North Western,GPS,R,-12.151568,26.341944,778,1377,WGS84,5,527.6492500909186,628.8579581454619
Point (28.39762900000005175 -14.45682699999997567),ZM201800000113,ZM,2018,113,ZM,1,Central,1,Central,GPS,U,-14.456827,28.397629,1177,1196,WGS84,2,457.63728562657025,499.64531276437356
Point (31.83050500000007332 -8.99638199999992594),ZM201800000114,ZM,2018,114,ZM,7,Northern,7,Northern,GPS,R,-8.996382,31.830505,9999,1582,WGS84,0,803.9184595762981,851.0706136797131
Point (28.21621700000002875 -13.44691999999997734),ZM201800000115,ZM,2018,115,ZM,2,Copperbelt,2,Copperbelt,GPS,R,-13.44692,28.216217,1189,1188,WGS84,5,449.9395458284397,516.660961179047
Point (27.90536100000002762 -12.54573199999992994),ZM201800000116,ZM,2018,116,ZM,2,Copperbelt,2,Copperbelt,GPS,U,-12.545732,27.905361,1392,1390,WGS84,46,458.77647455823063,554.6836558958769
Point (33.244824000000051 -12.47829499999994596),ZM201800000117,ZM,2018,117,ZM,3,Eastern,3,Eastern,GPS,R,-12.478295,33.244824,823,1197,WGS84,2,687.8926682890576,717.5866487815198
Point (28.9324447596389227 -9.07255166121510115),ZM201800000118,ZM,2018,118,ZM,4,Luapula,4,Luapula,GPS,R,-9.072551661,28.93244476,9999,925,WGS84,0,702.8609838413317,784.3836649211958
Point (28.25605500000006032 -12.79958299999992732),ZM201800000119,ZM,2018,119,ZM,2,Copperbelt,2,Copperbelt,GPS,U,-12.799583,28.256055,865,1178,WGS84,40,450.96485338541254,537.5191809255274
Point (25.2832140000000436 -13.6376709999999548),ZM201800000120,ZM,2018,120,ZM,8,North Western,8,North Western,GAZ,R,-13.637671,25.283214,9999,1175,WGS84,0,582.5287537736045,641.5325337111124
Point (31.44457500000004302 -14.21062499999993634),ZM201800000121,ZM,2018,121,ZM,3,Eastern,3,Eastern,GPS,R,-14.210625,31.444575,961,967,WGS84,0,539.7640177365114,565.8857981910392
Point (28.14312700000004952 -15.77410499999996318),ZM201800000122,ZM,2018,122,ZM,5,Lusaka,5,Lusaka,GPS,U,-15.774105,28.143127,9999,984,WGS84,8,484.04684368135713,521.9076634196148
Point (25.04462000000006583 -13.1547989999999686),ZM201800000123,ZM,2018,123,ZM,8,North Western,8,North Western,GPS,U,-13.154799,25.04462,9999,1199,WGS84,0,600.5307291162122,668.210182462824
Point (30.14359600000005912 -13.59706199999993714),ZM201800000124,ZM,2018,124,ZM,1,Central,1,Central,GPS,R,-13.597062,30.143596,1435,1382,WGS84,0,489.5617468735087,523.374815459858
Point (30.10237100000006194 -10.9577919999999267),ZM201800000125,ZM,2018,125,ZM,7,Northern,7,Northern,GPS,R,-10.957792,30.102371,1151,1176,WGS84,0,589.5007504191823,648.3397834255393
Point (33.17775000000006003 -12.28665399999994179),ZM201800000126,ZM,2018,126,ZM,3,Eastern,3,Eastern,GPS,U,-12.286654,33.17775,1139,1130,WGS84,2,690.3049940594461,720.1389390144853
Point (32.74576400000006515 -13.82908099999997376),ZM201800000127,ZM,2018,127,ZM,3,Eastern,3,Eastern,GPS,R,-13.829081,32.745764,1206,1205,WGS84,0,619.9048321734414,648.5152500779395
Point (31.11426400000004833 -14.48224299999992581),ZM201800000128,ZM,2018,128,ZM,3,Eastern,3,Eastern,GPS,R,-14.482243,31.114264,977,989,WGS84,0,521.7449983150269,548.6065959372733
Point (24.28429300000004787 -17.46030599999994593),ZM201800000129,ZM,2018,129,ZM,10,Western,10,Western,GPS,U,-17.460306,24.284293,961,988,WGS84,0,743.1931444772612,773.966240431963
Point (28.64833700000002636 -14.96028399999994463),ZM201800000130,ZM,2018,130,ZM,1,Central,1,Central,GPS,R,-14.960284,28.648337,1132,1141,WGS84,0,463.5461546141744,499.36320551761594
Point (28.25564600000006976 -15.44734099999993759),ZM201800000131,ZM,2018,131,ZM,5,Lusaka,5,Lusaka,GPS,U,-15.447341,28.255646,9999,1276,WGS84,5,474.97016485586073,511.66854012548555
Point (29.48746600000004037 -15.06907699999993611),ZM201800000132,ZM,2018,132,ZM,5,Lusaka,5,Lusaka,GPS,R,-15.069077,29.487466,840,844,WGS84,0,471.1009314030525,503.13297349676424
Point (26.80641800000006469 -17.23897399999992786),ZM201800000133,ZM,2018,133,ZM,9,Southern,9,Southern,GPS,R,-17.238974,26.806418,1228,1240,WGS84,1,578.4917972331195,623.198357293854
Point (31.88042400000006182 -14.20361599999995406),ZM201800000134,ZM,2018,134,ZM,3,Eastern,3,Eastern,GPS,R,-14.203616,31.880424,1045,1055,WGS84,0,562.8551083436057,589.7491661298292
Point (26.19234300000005078 -17.31477699999993547),ZM201800000135,ZM,2018,135,ZM,9,Southern,9,Southern,GPS,U,-17.314777,26.192343,1233,1239,WGS84,0,612.870577650732,653.988258653128
Point (28.08270000000004529 -14.4829579999999396),ZM201800000136,ZM,2018,136,ZM,1,Central,1,Central,GPS,R,-14.482958,28.0827,1140,1146,WGS84,2,461.43020426393997,504.6804293249647
Point (28.25765600000005406 -15.43589099999996961),ZM201800000137,ZM,2018,137,ZM,5,Lusaka,5,Lusaka,GPS,U,-15.435891,28.257656,151,1280,WGS84,5,474.72025016129794,511.3875527141734
Point (26.95684100000005401 -16.82185199999997849),ZM201800000138,ZM,2018,138,ZM,9,Southern,9,Southern,GPS,U,-16.821852,26.956841,1326,1324,WGS84,0,555.308464661023,596.3984552424123
Point (29.52181300000006559 -11.35070599999994556),ZM201800000139,ZM,2018,139,ZM,4,Luapula,4,Luapula,GPS,U,-11.350706,29.521813,1192,1201,WGS84,0,544.6831338534494,612.8631099003144
Point (22.88775800000007621 -16.78364899999996851),ZM201800000140,ZM,2018,140,ZM,10,Western,10,Western,GPS,R,-16.783649,22.887758,790,1011,WGS84,0,826.6519012484001,853.1458661456718
Point (28.47609400000004598 -15.36055299999998169),ZM201800000141,ZM,2018,141,ZM,5,Lusaka,5,Lusaka,GPS,R,-15.360553,28.476094,1149,1150,WGS84,3,470.9966532419513,506.9829141280925
Point (27.97578500000003032 -14.97523299999994606),ZM201800000142,ZM,2018,142,ZM,1,Central,1,Central,GPS,R,-14.975233,27.975785,1145,1143,WGS84,0,470.99694965627066,509.1856545845132
Point (28.34002200000003313 -13.10764499999993404),ZM201800000143,ZM,2018,143,ZM,2,Copperbelt,2,Copperbelt,GPS,U,-13.107645,28.340022,714,1242,WGS84,32,448.820587393252,524.9801767717487
Point (31.8470550000000685 -10.17747699999995348),ZM201800000144,ZM,2018,144,ZM,7,Northern,7,Northern,GPS,R,-10.177477,31.847055,878,1234,WGS84,0,719.3863035857614,761.9351546011181
Point (26.4183460000000423 -12.18196099999994431),ZM201800000145,ZM,2018,145,ZM,8,North Western,8,North Western,GPS,U,-12.181961,26.418346,757,1343,WGS84,5,522.7932870434312,623.7756930702627
Point (32.09354100000007293 -14.16191199999997252),ZM201800000146,ZM,2018,146,ZM,3,Eastern,3,Eastern,GPS,R,-14.161912,32.093541,9999,1007,WGS84,0,575.3411923434577,602.700444137202
Point (28.59717400000005227 -13.09274799999997185),ZM201800000147,ZM,2018,147,ZM,2,Copperbelt,2,Copperbelt,GPS,U,-13.092748,28.597174,790,1239,WGS84,18,451.25767519555797,522.7889181503054
Point (28.31617700000003879 -15.37740599999995084),ZM201800000148,ZM,2018,148,ZM,5,Lusaka,5,Lusaka,GAZ,R,-15.377406,28.316177,944,1002,WGS84,5,472.86045982462423,509.2943754558835
Point (28.28355100000004541 -15.37045799999992823),ZM201800000149,ZM,2018,149,ZM,5,Lusaka,5,Lusaka,GPS,U,-15.370458,28.283551,1226,1227,WGS84,5,473.1305326514576,509.62546622532665
Point (30.24420400000002473 -13.22762099999994234),ZM201800000150,ZM,2018,150,ZM,1,Central,1,Central,GPS,U,-13.227621,30.244204,769,1418,WGS84,0,499.776694980603,535.8634622365489
Point (32.09216300000002775 -10.35224599999997963),ZM201800000151,ZM,2018,151,ZM,6,Muchinga,6,Muchinga,GPS,R,-10.352246,32.092163,1193,1221,WGS84,0,721.0949144130595,761.2549278457506
Point (26.24607400000007829 -16.71109099999995351),ZM201800000152,ZM,2018,152,ZM,9,Southern,9,Southern,GPS,R,-16.711091,26.246074,1210,1236,WGS84,0,586.0725853214803,622.634058500978
Point (29.11938700000007429 -8.84657699999996794),ZM201800000153,ZM,2018,153,ZM,4,Luapula,4,Luapula,GPS,R,-8.846577,29.119387,1022,992,WGS84,0,725.9738479363913,804.2316121445906
Point (32.74887300000006007 -9.29907899999994925),ZM201800000154,ZM,2018,154,ZM,6,Muchinga,6,Muchinga,GPS,U,-9.299079,32.748873,1289,1712,WGS84,0,828.5871084422567,869.8105726131475
Point (31.67976800000002413 -14.0878959999999438),ZM201800000155,ZM,2018,155,ZM,3,Eastern,3,Eastern,GPS,R,-14.087896,31.679768,1067,1066,WGS84,0,553.3542132618974,579.4373153382719
Point (28.09468200000003435 -13.2178279999999404),ZM201800000156,ZM,2018,156,ZM,2,Copperbelt,2,Copperbelt,GPS,R,-13.217828,28.094682,1192,1210,WGS84,23,449.9582830703713,525.3456352430838
Point (32.27431000000007089 -13.74384499999996478),ZM201800000157,ZM,2018,157,ZM,3,Eastern,3,Eastern,GPS,R,-13.743845,32.27431,957,942,WGS84,0,592.2446056909101,618.9542342757856
Point (28.74618800000007468 -9.43084799999996903),ZM201800000158,ZM,2018,158,ZM,4,Luapula,4,Luapula,GPS,R,-9.430848,28.746188,936,941,WGS84,0,668.8896782222973,754.2485716715405
Point (26.78255500000005895 -16.70816499999995131),ZM201800000159,ZM,2018,159,ZM,9,Southern,9,Southern,GPS,R,-16.708165,26.782555,1375,1379,WGS84,0,558.985363325129,598.0946792674531
Point (29.04049200000002884 -10.82288099999993847),ZM201800000160,ZM,2018,160,ZM,4,Luapula,4,Luapula,GPS,R,-10.822881,29.040492,1280,1271,WGS84,3,564.3123537626894,645.5854110156956
Point (29.04617665630483714 -8.56274563680750767),ZM201800000161,ZM,2018,161,ZM,4,Luapula,4,Luapula,GPS,R,-8.562745637,29.04617666,929,930,WGS84,2,750.6797691205129,829.1389611438605
Point (28.28702000000004091 -15.45351299999992989),ZM201800000162,ZM,2018,162,ZM,5,Lusaka,5,Lusaka,GPS,U,-15.453513,28.28702,1284,1283,WGS84,5,474.6742281219962,511.332542033798
Point (25.90702300000003788 -12.40359199999994644),ZM201800000163,ZM,2018,163,ZM,8,North Western,8,North Western,GPS,R,-12.403592,25.907023,1306,1332,WGS84,1,548.5514295350923,640.2459798818758
Point (24.3557760000000485 -14.98233799999997018),ZM201800000164,ZM,2018,164,ZM,10,Western,10,Western,GPS,R,-14.982338,24.355776,1087,1099,WGS84,0,663.9390676516659,700.9452416093753
Point (28.40066600000005792 -14.43567399999994905),ZM201800000165,ZM,2018,165,ZM,1,Central,1,Central,GPS,U,-14.435674,28.400666,1188,1187,WGS84,2,457.36614179907,499.65499794331055
Point (29.11344700000006469 -14.72503699999992932),ZM201800000166,ZM,2018,166,ZM,1,Central,1,Central,GPS,R,-14.725037,29.113447,412,497,WGS84,0,462.63708371246753,496.94642383080156
Point (28.41312200000004395 -14.22410299999995686),ZM201800000167,ZM,2018,167,ZM,1,Central,1,Central,GPS,R,-14.224103,28.413122,920,1175,WGS84,2,455.0375436347643,500.58658472364084
Point (32.50340700000003835 -13.37763999999992848),ZM201800000168,ZM,2018,168,ZM,3,Eastern,3,Eastern,GPS,R,-13.37764,32.503407,672,840,WGS84,0,613.6607494846041,640.7162818228653
Point (29.54138900000003787 -11.37154899999995905),ZM201800000169,ZM,2018,169,ZM,4,Luapula,4,Luapula,GPS,U,-11.371549,29.541389,1183,1184,WGS84,0,544.1363271163548,611.748171775068
Point (28.6547090000000253 -12.93766599999997879),ZM201800000170,ZM,2018,170,ZM,2,Copperbelt,2,Copperbelt,GPS,U,-12.937666,28.654709,1300,1296,WGS84,24,453.94735512222314,527.9410063628987
Point (31.00511400000004869 -11.64152999999993199),ZM201800000171,ZM,2018,171,ZM,6,Muchinga,6,Muchinga,GPS,R,-11.64153,31.005114,1245,1311,WGS84,0,591.5111171237982,632.2304117670888
Point (26.17080900000007659 -17.05830199999996921),ZM201800000172,ZM,2018,172,ZM,9,Southern,9,Southern,GPS,R,-17.058302,26.170809,1248,1229,WGS84,0,603.4486854090322,642.1643869616622
Point (28.44649600000002465 -14.45824399999997922),ZM201800000173,ZM,2018,173,ZM,1,Central,1,Central,GPS,U,-14.458244,28.446496,1172,1182,WGS84,2,457.3711894889107,499.05608208254955
Point (28.24815300000005891 -15.37385099999994509),ZM201800000174,ZM,2018,174,ZM,5,Lusaka,5,Lusaka,GPS,U,-15.373851,28.248153,1211,1217,WGS84,5,473.66342268005275,510.2330309511578
Point (31.93459900000004836 -10.62734499999993432),ZM201800000175,ZM,2018,175,ZM,6,Muchinga,6,Muchinga,GPS,R,-10.627345,31.934599,1042,1303,WGS84,0,695.5566037568068,735.1790408821253
Point (23.11321200000003273 -13.53686599999997497),ZM201800000176,ZM,2018,176,ZM,8,North Western,8,North Western,GPS,U,-13.536866,23.113212,1062,1079,WGS84,0,757.89963882218,808.2528955182428
Point (28.70171100000004571 -15.37277899999997999),ZM201800000177,ZM,2018,177,ZM,5,Lusaka,5,Lusaka,GPS,R,-15.372779,28.701711,1099,1087,WGS84,0,470.08180699267115,505.4306992062715
Point (28.61107800000007728 -10.1922329999999306),ZM201800000178,ZM,2018,178,ZM,4,Luapula,4,Luapula,GPS,R,-10.192233,28.611078,988,942,WGS84,0,603.7196898986379,693.3793421187412
Point (23.96153700000007802 -14.37561199999993278),ZM201800000180,ZM,2018,180,ZM,10,Western,10,Western,GPS,R,-14.375612,23.961537,834,1064,WGS84,0,687.5817335997426,730.4506932780671
Point (30.11505400000004329 -15.123175999999944),ZM201800000181,ZM,2018,181,ZM,5,Lusaka,5,Lusaka,GPS,R,-15.123176,30.115054,338,386,WGS84,0,485.19699498465997,516.1235113597269
Point (28.24312900000006721 -15.39397399999995741),ZM201800000182,ZM,2018,182,ZM,5,Lusaka,5,Lusaka,GPS,U,-15.393974,28.243129,1263,1262,WGS84,5,474.1153313667736,510.72399316498667
Point (24.79924900000003163 -11.73144999999993843),ZM201800000183,ZM,2018,183,ZM,8,North Western,8,North Western,GPS,R,-11.73145,24.799249,1492,1471,WGS84,0,644.129399793524,737.8121421298987
Point (33.18924600000002556 -12.27597199999996747),ZM201800000184,ZM,2018,184,ZM,3,Eastern,3,Eastern,GPS,U,-12.275972,33.189246,805,1124,WGS84,2,691.4853099662566,721.349109141507
Point (28.43302300000004834 -11.48429499999997461),ZM201800000185,ZM,2018,185,ZM,4,Luapula,4,Luapula,GPS,R,-11.484295,28.433023,1073,1077,WGS84,0,509.95500703700117,603.627059221621
Point (29.11018821691849112 -8.79682929522655499),ZM201800000186,ZM,2018,186,ZM,4,Luapula,4,Luapula,GPS,R,-8.784923,29.096959,984,990,WGS84,0,731.1639812141927,809.58081998113
Point (23.16582800000003317 -16.28961099999997941),ZM201800000187,ZM,2018,187,ZM,10,Western,10,Western,GPS,R,-16.289611,23.165828,1006,1003,WGS84,0,788.5678304629033,816.5472581802176
Point (28.43503500000002759 -15.33150399999993851),ZM201800000188,ZM,2018,188,ZM,5,Lusaka,5,Lusaka,GPS,R,-15.331504,28.435035,1163,1164,WGS84,3,470.7994987255452,506.86169347517864
Point (31.19192300000003115 -10.20939499999997224),ZM201800000189,ZM,2018,189,ZM,7,Northern,7,Northern,GPS,U,-10.209395,31.191923,1063,1354,WGS84,0,685.0865807082615,733.0161700757942
Point (28.30938000000003285 -12.48136199999993323),ZM201800000190,ZM,2018,190,ZM,2,Copperbelt,2,Copperbelt,GPS,U,-12.481362,28.30938,1273,1319,WGS84,40,460.1389265507372,550.4868475477567
Point (32.66144800000006398 -13.6604059999999663),ZM201800000191,ZM,2018,191,ZM,3,Eastern,3,Eastern,GPS,U,-13.660406,32.661448,162,1221,WGS84,0,617.6100895705946,645.4571363881483
Point (25.87517300000007481 -17.84032199999995782),ZM201800000192,ZM,2018,192,ZM,9,Southern,9,Southern,GPS,U,-17.840322,25.875173,920,925,WGS84,0,655.077014858817,698.5324574561513
Point (28.25125400000007403 -12.55886399999997138),ZM201800000193,ZM,2018,193,ZM,2,Copperbelt,2,Copperbelt,GPS,U,-12.558864,28.251254,1297,1289,WGS84,44,456.9728361665348,547.7825068160381
Point (28.75942800000007082 -9.82335899999992535),ZM201800000194,ZM,2018,194,ZM,4,Luapula,4,Luapula,GPS,U,-9.823359,28.759428,964,961,WGS84,0,635.805109311303,721.931251876447
Point (28.41816100000005463 -13.13556199999993623),ZM201800000195,ZM,2018,195,ZM,2,Copperbelt,2,Copperbelt,GPS,U,-13.135562,28.418161,167,1246,WGS84,32,449.19065436001523,523.0731936472117
Point (31.24090400000005729 -10.14470699999992576),ZM201800000196,ZM,2018,196,ZM,7,Northern,7,Northern,GPS,R,-10.144707,31.240904,729,1374,WGS84,0,691.7837470158522,739.5428419938645
Point (28.30698000000006687 -15.48944199999993998),ZM201800000197,ZM,2018,197,ZM,5,Lusaka,5,Lusaka,GPS,U,-15.489442,28.30698,1292,1288,WGS84,5,475.1311799053113,511.85446296901824
Point (23.20634100000006583 -14.57386599999995269),ZM201800000198,ZM,2018,198,ZM,10,Western,10,Western,GPS,R,-14.573866,23.206341,807,1039,WGS84,0,752.6930004823449,791.5836667631872
Point (32.54355300000003126 -13.52999299999993355),ZM201800000199,ZM,2018,199,ZM,3,Eastern,3,Eastern,GPS,R,-13.529993,32.543553,980,985,WGS84,0,612.8232530310837,640.0733524259405
Point (32.61451900000002979 -13.6184669999999528),ZM201800000200,ZM,2018,200,ZM,3,Eastern,3,Eastern,GPS,U,-13.618467,32.614519,618,1105,WGS84,0,615.4670166510083,643.0694094041966
Point (29.39369700000003149 -13.61858299999994415),ZM201800000201,ZM,2018,201,ZM,1,Central,1,Central,GPS,U,-13.618583,29.393697,1271,1268,WGS84,2,464.7362263208924,508.89884037314556
Point (27.14597400000002381 -16.13977899999997589),ZM201800000202,ZM,2018,202,ZM,9,Southern,9,Southern,GPS,R,-16.139779,27.145974,797,1008,WGS84,0,524.4014582168106,561.1307785868729
Point (22.9223540000000412 -13.81068399999998064),ZM201800000203,ZM,2018,203,ZM,8,North Western,8,North Western,GPS,R,-13.810684,22.922354,1079,1053,WGS84,0,774.2394063423473,820.4854787275731
Point (30.79281600000007302 -10.74635199999994484),ZM201800000204,ZM,2018,204,ZM,7,Northern,7,Northern,GPS,R,-10.746352,30.792816,966,1226,WGS84,0,631.6930304588901,681.2300442952009
Point (31.19521700000007058 -10.21354899999994359),ZM201800000205,ZM,2018,205,ZM,7,Northern,7,Northern,GPS,U,-10.213549,31.195217,1309,1325,WGS84,0,684.9567356882164,732.8318288431063
Point (26.82406400000007807 -17.53442699999993692),ZM201800000206,ZM,2018,206,ZM,9,Southern,9,Southern,GPS,R,-17.534427,26.824064,1161,1180,WGS84,2,590.507380557181,638.9489038390545
Point (23.31423500000005333 -16.1070079999999507),ZM201800000207,ZM,2018,207,ZM,10,Western,10,Western,GPS,U,-16.107008,23.314235,806,1027,WGS84,0,771.3362915547807,800.1038446135549
Point (27.88632800000004863 -15.69838699999996834),ZM201800000208,ZM,2018,208,ZM,5,Lusaka,5,Lusaka,GPS,R,-15.698387,27.886328,9999,977,WGS84,8,487.820684425144,524.9860918463435
Point (28.43279900000004545 -15.27098799999993162),ZM201800000209,ZM,2018,209,ZM,5,Lusaka,5,Lusaka,GPS,R,-15.270988,28.432799,9999,1116,WGS84,3,469.7319322948661,505.758709099432
Point (27.56935200000003761 -14.72956499999997959),ZM201800000210,ZM,2018,210,ZM,1,Central,1,Central,GPS,R,-14.729565,27.569352,1129,1144,WGS84,0,476.62133136969123,518.0123271384914
Point (27.83849000000003571 -12.36608899999993127),ZM201800000211,ZM,2018,211,ZM,2,Copperbelt,2,Copperbelt,GPS,U,-12.366089,27.83849,1320,1328,WGS84,28,465.32294560129935,564.4437186747379
Point (28.87759100000005219 -11.17179599999997208),ZM201800000212,ZM,2018,212,ZM,4,Luapula,4,Luapula,GPS,U,-11.171796,28.877591,1229,1223,WGS84,3,537.2608710049793,621.4331661281504
Point (32.3661930000000666 -13.49084999999996626),ZM201800000213,ZM,2018,213,ZM,3,Eastern,3,Eastern,GPS,R,-13.49085,32.366193,889,886,WGS84,0,602.742243742984,629.4526847350049
Point (27.88892600000002631 -12.51904699999994364),ZM201800000214,ZM,2018,214,ZM,2,Copperbelt,2,Copperbelt,GPS,U,-12.519047,27.888926,1334,1344,WGS84,38,459.726107384764,556.2359362698916
Point (27.83887200000003759 -13.5616699999999355),ZM201800000215,ZM,2018,215,ZM,2,Copperbelt,2,Copperbelt,GPS,R,-13.56167,27.838872,939,1203,WGS84,0,455.78112674811723,521.5472691927939
Point (30.11002700000005916 -9.36465499999997064),ZM201800000216,ZM,2018,216,ZM,7,Northern,7,Northern,GPS,U,-9.364655,30.110027,1431,1436,WGS84,0,705.7839101108659,770.0465568924583
Point (33.14225500000003422 -9.78770499999995991),ZM201800000217,ZM,2018,217,ZM,6,Muchinga,6,Muchinga,GPS,R,-9.787705,33.142255,1246,1158,WGS84,0,817.8368794482911,856.2392595414582
Point (23.28377400000005082 -15.53746699999993552),ZM201800000218,ZM,2018,218,ZM,10,Western,10,Western,GPS,R,-15.537467,23.283774,1052,1060,WGS84,0,760.4707787209198,791.8673369435664
Point (32.42729100000002518 -13.73921099999995477),ZM201800000219,ZM,2018,219,ZM,3,Eastern,3,Eastern,GPS,R,-13.739211,32.427291,966,981,WGS84,0,601.5684088331597,628.7464058263095
Point (27.68115800000003901 -12.36279099999995879),ZM201800000220,ZM,2018,220,ZM,2,Copperbelt,2,Copperbelt,GPS,R,-12.362791,27.681158,1289,1286,WGS84,14,468.6225773010407,568.4322145039774
Point (33.17067100000002711 -12.19631499999997004),ZM201800000221,ZM,2018,221,ZM,3,Eastern,3,Eastern,GPS,R,-12.196315,33.170671,805,1110,WGS84,0,693.2780576706333,723.2548898982761
Point (22.17573900000007825 -14.39485599999994747),ZM201800000222,ZM,2018,222,ZM,10,Western,10,Western,GPS,R,-14.394856,22.175739,1053,1046,WGS84,0,843.0275577433174,881.0957097094374
Point (22.67904100000004064 -14.99979299999995419),ZM201800000223,ZM,2018,223,ZM,10,Western,10,Western,GPS,U,-14.999793,22.679041,1029,1029,WGS84,0,803.3878864072703,837.5663370675912
Point (32.01083600000004026 -9.43376199999994469),ZM201800000224,ZM,2018,224,ZM,7,Northern,7,Northern,GPS,R,-9.433762,32.010836,1329,1330,WGS84,0,779.6041380611251,824.2166874490802
Point (32.61866000000003396 -13.60775199999994811),ZM201800000225,ZM,2018,225,ZM,3,Eastern,3,Eastern,GPS,U,-13.607752,32.61866,1063,1083,WGS84,0,615.9401665266356,643.5399782429664
Point (28.63437800000002653 -10.17621899999994639),ZM201800000226,ZM,2018,226,ZM,4,Luapula,4,Luapula,GPS,R,-10.176219,28.634378,764,926,WGS84,0,605.3097297279165,694.4949957833057
Point (28.28511800000006815 -15.37219399999997904),ZM201800000227,ZM,2018,227,ZM,5,Lusaka,5,Lusaka,GPS,U,-15.372194,28.285118,974,1240,WGS84,5,473.14324867038374,509.6373503017108
Point (23.25313000000005559 -15.86154499999997824),ZM201800000228,ZM,2018,228,ZM,10,Western,10,Western,GPS,R,-15.861545,23.25313,1009,1006,WGS84,0,770.1911789909927,799.8617077165583
Point (28.37724200000002384 -15.39852899999993951),ZM201800000229,ZM,2018,229,ZM,5,Lusaka,5,Lusaka,GPS,U,-15.398529,28.377242,9999,1249,WGS84,4,472.58618058635295,508.91123050896516
Point (31.27492600000005041 -14.32087099999995417),ZM201800000230,ZM,2018,230,ZM,3,Eastern,3,Eastern,GPS,R,-14.320871,31.274926,911,923,WGS84,0,530.3873554108849,556.7227960193842
Point (28.27596800000003441 -15.3745829999999728),ZM201800000231,ZM,2018,231,ZM,5,Lusaka,5,Lusaka,GPS,U,-15.374583,28.275968,1275,1264,WGS84,5,473.30559096103167,509.8220855131042
Point (28.46237100000007558 -14.38601499999992939),ZM201800000232,ZM,2018,232,ZM,1,Central,1,Central,GPS,U,-14.386015,28.462371,1172,1174,WGS84,2,456.5081838558004,499.0834040147538
Point (28.88056000000005952 -11.21835799999996652),ZM201800000233,ZM,2018,233,ZM,4,Luapula,4,Luapula,GPS,U,-11.218358,28.88056,1215,1219,WGS84,3,534.3937765998406,618.3267140268699
Point (28.89157500000004575 -11.20396499999992557),ZM201800000234,ZM,2018,234,ZM,4,Luapula,4,Luapula,GPS,U,-11.203965,28.891575,1229,1226,WGS84,3,535.5481471439704,619.2714497155982
Point (31.64279100000004519 -10.39409399999993866),ZM201800000235,ZM,2018,235,ZM,7,Northern,7,Northern,GPS,R,-10.394094,31.642791,1221,1212,WGS84,0,694.7998021661494,737.715405440477
Point (28.27633900000006406 -15.47994799999997895),ZM201800000237,ZM,2018,237,ZM,5,Lusaka,5,Lusaka,GPS,U,-15.479948,28.276339,1288,1286,WGS84,5,475.3307262495856,512.0839516292859
Point (26.97667000000006965 -16.82487099999997326),ZM201800000238,ZM,2018,238,ZM,9,Southern,9,Southern,GPS,U,-16.824871,26.97667,1314,1307,WGS84,0,554.5584948856806,595.7900096269049
Point (32.07373700000005101 -10.53278099999994311),ZM201800000239,ZM,2018,239,ZM,6,Muchinga,6,Muchinga,GPS,U,-10.532781,32.073737,1282,1268,WGS84,0,708.8695521318346,748.1989228718772
Point (22.62715700000006791 -15.23432999999994308),ZM201800000240,ZM,2018,240,ZM,10,Western,10,Western,GPS,R,-15.23433,22.627157,1056,1058,WGS84,0,811.3196294740236,843.7412632572023
Point (29.0703740000000721 -9.80166499999995722),ZM201800000241,ZM,2018,241,ZM,4,Luapula,4,Luapula,GPS,U,-9.801665,29.070374,1344,1331,WGS84,0,642.9030078260001,723.5482308087988
Point (32.65024500000004082 -10.13254399999993893),ZM201800000242,ZM,2018,242,ZM,6,Muchinga,6,Muchinga,GPS,U,-10.132544,32.650245,9999,1304,WGS84,0,766.3406383365402,805.0036931887876
Point (28.23271800000003395 -12.76263099999994211),ZM201800000243,ZM,2018,243,ZM,2,Copperbelt,2,Copperbelt,GPS,U,-12.762631,28.232718,954,1213,WGS84,44,451.559087940207,539.3614532021537
Point (31.19202800000005027 -9.51792399999993677),ZM201800000244,ZM,2018,244,ZM,7,Northern,7,Northern,GPS,R,-9.517924,31.192028,1058,1554,WGS84,0,734.8324753950296,785.7079780299393
Point (32.73598100000003797 -11.69744599999995671),ZM201800000245,ZM,2018,245,ZM,6,Muchinga,6,Muchinga,GPS,R,-11.697446,32.735981,655,653,WGS84,0,685.9557016670615,717.3297160432526
Point (23.52687100000002829 -15.85226799999998093),ZM201800000246,ZM,2018,246,ZM,10,Western,10,Western,GPS,R,-15.852268,23.526871,802,1027,WGS84,0,747.4605904232997,777.5243697329089
Point (27.81317000000007056 -13.84722899999997026),ZM201800000247,ZM,2018,247,ZM,1,Central,1,Central,GPS,R,-13.847229,27.81317,1098,1158,WGS84,0,458.7253699405069,516.5077533199459
Point (30.81819600000005721 -14.59222699999997985),ZM201800000248,ZM,2018,248,ZM,3,Eastern,3,Eastern,GPS,U,-14.592227,30.818196,739,747,WGS84,0,508.4187647401819,535.7764357477389
Point (27.47016100000007555 -16.28219199999995226),ZM201800000249,ZM,2018,249,ZM,9,Southern,9,Southern,GPS,U,-16.282192,27.470161,1132,1126,WGS84,0,516.7925196603067,555.5145804189445
Point (31.39413400000006504 -11.8508759999999711),ZM201800000250,ZM,2018,250,ZM,6,Muchinga,6,Muchinga,GPS,U,-11.850876,31.394134,1336,1332,WGS84,0,601.4751786700642,637.0354258685112
Point (28.23903000000007069 -15.31592399999993859),ZM201800000251,ZM,2018,251,ZM,1,Central,1,Central,GPS,R,-15.315924,28.23903,1228,1231,WGS84,5,472.7046805148476,509.2429420472747
Point (23.71587100000004966 -16.69325299999997014),ZM201800000252,ZM,2018,252,ZM,10,Western,10,Western,GPS,R,-16.693253,23.715871,888,989,WGS84,0,756.7809540450139,784.9700590500877
Point (32.46966600000007475 -9.21430599999996502),ZM201800000253,ZM,2018,253,ZM,6,Muchinga,6,Muchinga,GPS,R,-9.214306,32.469666,1487,1482,WGS84,0,819.5040015844883,862.2489007639955
Point (28.19629200000002811 -12.783395999999982),ZM201800000254,ZM,2018,254,ZM,2,Copperbelt,2,Copperbelt,GPS,U,-12.783396,28.196292,687,1235,WGS84,46,451.0134268923814,539.0931812285982
Point (28.69289600000007567 -13.77009099999997943),ZM201800000255,ZM,2018,255,ZM,1,Central,1,Central,GPS,R,-13.770091,28.692896,976,1260,WGS84,0,452.1559813719581,504.1206732482405
Point (26.34427400000004127 -17.00682799999992767),ZM201800000256,ZM,2018,256,ZM,9,Southern,9,Southern,GPS,R,-17.006828,26.344274,1282,1292,WGS84,0,592.0279624395899,631.3347230419985
Point (32.15602700000005143 -14.31934299999994664),ZM201800000257,ZM,2018,257,ZM,3,Eastern,3,Eastern,GPS,R,-14.319343,32.156027,546,933,WGS84,0,577.1559360721211,605.5022554011362
Point (28.23155100000002449 -15.54600299999992785),ZM201800000258,ZM,2018,258,ZM,5,Lusaka,5,Lusaka,GPS,U,-15.546003,28.231551,1239,1239,WGS84,8,477.3071013697604,514.324456206236
Point (29.88832200000007333 -9.43082299999997531),ZM201800000259,ZM,2018,259,ZM,7,Northern,7,Northern,GPS,R,-9.430823,29.888322,1125,1440,WGS84,0,693.5644703444382,760.9359229457465
Point (27.22584500000004937 -16.80298399999998082),ZM201800000260,ZM,2018,260,ZM,9,Southern,9,Southern,GPS,R,-16.802984,27.225845,1284,1283,WGS84,1,543.4823565000596,585.8788811707589
Point (27.06875400000006948 -16.34944799999993847),ZM201800000261,ZM,2018,261,ZM,9,Southern,9,Southern,GPS,R,-16.349448,27.068754,1085,1078,WGS84,0,534.1353252184678,571.7747453509726
Point (31.41590600000006361 -10.19710199999997258),ZM201800000262,ZM,2018,262,ZM,7,Northern,7,Northern,GPS,U,-10.197102,31.415906,683,1374,WGS84,0,696.5163689773855,742.3613312155815
Point (33.50098900000006097 -10.25329199999993079),ZM201800000263,ZM,2018,263,ZM,6,Muchinga,6,Muchinga,GPS,R,-10.253292,33.500989,1456,1429,WGS84,3,811.1343508699576,847.2623986759437
Point (30.57474900000005391 -11.29794499999997015),ZM201800000264,ZM,2018,264,ZM,7,Northern,7,Northern,GPS,R,-11.297945,30.574749,916,1180,WGS84,0,589.2296595479896,638.0855435811288
Point (26.08969500000006292 -13.93707099999994625),ZM201800000265,ZM,2018,265,ZM,8,North Western,8,North Western,GPS,R,-13.937071,26.089695,9999,1193,WGS84,0,531.834610280256,587.2777400032377
Point (26.23075600000004215 -17.27393799999993007),ZM201800000266,ZM,2018,266,ZM,9,Southern,9,Southern,GPS,R,-17.273938,26.230756,1240,1232,WGS84,0,609.0303669372754,650.0324886806534
Point (28.08211600000004182 -12.83814199999994798),ZM201800000267,ZM,2018,267,ZM,2,Copperbelt,2,Copperbelt,GPS,U,-12.838142,28.082116,1302,1292,WGS84,46,450.97463237857966,538.9033423675162
Point (28.35129700000004505 -15.44308599999993703),ZM201800000268,ZM,2018,268,ZM,5,Lusaka,5,Lusaka,GPS,U,-15.443086,28.351297,1280,1293,WGS84,5,473.7119333339513,510.20345138245136
Point (28.39468300000004319 -13.19336799999996401),ZM201800000269,ZM,2018,269,ZM,2,Copperbelt,2,Copperbelt,GPS,R,-13.193368,28.394683,926,1193,WGS84,29,448.9865178416114,521.4740399660961
Point (23.92042500000002292 -15.14892799999995532),ZM201800000270,ZM,2018,270,ZM,10,Western,10,Western,GPS,R,-15.148928,23.920425,620,1091,WGS84,0,700.9694066929421,735.9084728661644
Point (28.14934600000003684 -15.86254199999996217),ZM201800000271,ZM,2018,271,ZM,9,Southern,9,Southern,GPS,R,-15.862542,28.149346,1013,1010,WGS84,8,486.14984570898775,524.4740082212861
Point (31.30473000000006323 -14.43226099999992584),ZM201800000272,ZM,2018,272,ZM,3,Eastern,3,Eastern,GPS,R,-14.432261,31.30473,792,983,WGS84,0,530.9797432327342,557.7575064342536
Point (30.38412900000002992 -15.62125399999996489),ZM201800000273,ZM,2018,273,ZM,5,Lusaka,5,Lusaka,GPS,U,-15.621254,30.384129,350,345,WGS84,0,497.0296399833247,533.6360410110093
Point (32.92261100000007445 -12.98326799999995274),ZM201800000274,ZM,2018,274,ZM,3,Eastern,3,Eastern,GPS,R,-12.983268,32.922611,1029,1064,WGS84,2,650.4076493593168,678.8501830263397
Point (28.84997400000003154 -11.2187399999999684),ZM201800000275,ZM,2018,275,ZM,4,Luapula,4,Luapula,GPS,R,-11.21874,28.849974,1228,1218,WGS84,3,533.6842785080514,618.345365065515
Point (28.19052500000003647 -12.77162799999996423),ZM201800000276,ZM,2018,276,ZM,2,Copperbelt,2,Copperbelt,GPS,U,-12.771628,28.190525,702,1247,WGS84,46,451.2447801351296,539.6611795369266
Point (32.24631200000004583 -9.41252199999996719),ZM201800000277,ZM,2018,277,ZM,7,Northern,7,Northern,GPS,R,-9.412522,32.246312,9999,1252,WGS84,0,793.2242786338429,836.5141495461983
Point (33.49714000000005854 -10.26411599999994451),ZM201800000278,ZM,2018,278,ZM,6,Muchinga,6,Muchinga,GPS,R,-10.264116,33.49714,1422,1418,WGS84,3,810.2424046383024,846.3371074511956
Point (28.22445400000003701 -12.86598299999997153),ZM201800000279,ZM,2018,279,ZM,2,Copperbelt,2,Copperbelt,GPS,U,-12.865983,28.224454,845,1202,WGS84,39,449.80721227042204,535.391042153183
Point (32.04784400000005462 -13.2807889999999702),ZM201800000280,ZM,2018,280,ZM,3,Eastern,3,Eastern,GPS,R,-13.280789,32.047844,483,594,WGS84,0,588.6039978982603,614.8897481234666
Point (28.25550500000002785 -15.40918799999997191),ZM201800000282,ZM,2018,282,ZM,5,Lusaka,5,Lusaka,GAZ,R,-15.409188,28.255505,764,1080,WGS84,5,474.235256228402,510.8493093195012
Point (25.96499300000004951 -13.50086999999996351),ZM201800000283,ZM,2018,283,ZM,8,North Western,8,North Western,GPS,R,-13.50087,25.964993,9999,1293,WGS84,0,537.1688519446341,601.9578414992894
Point (28.65561400000007097 -13.00571299999995745),ZM201800000284,ZM,2018,284,ZM,2,Copperbelt,2,Copperbelt,GPS,U,-13.005713,28.655614,1279,1272,WGS84,13,452.9509141469425,525.4353778701425
Point (27.68962900000002492 -12.82942499999995789),ZM201800000285,ZM,2018,285,ZM,2,Copperbelt,2,Copperbelt,GPS,R,-12.829425,27.689629,1247,1229,WGS84,18,459.1173932237326,548.1214409176292
Point (31.96559200000007195 -12.58978199999995695),ZM201800000286,ZM,2018,286,ZM,6,Muchinga,6,Muchinga,GPS,R,-12.589782,31.965592,558,565,WGS84,0,603.8334278659081,632.3447753961266
Point (28.01029900000003181 -12.60794099999992568),ZM201800000287,ZM,2018,287,ZM,2,Copperbelt,2,Copperbelt,GPS,R,-12.607941,28.010299,1317,1322,WGS84,46,455.8397184351662,549.7713660917144
Point (30.00623400000006313 -10.23068099999994729),ZM201800000288,ZM,2018,288,ZM,7,Northern,7,Northern,GPS,R,-10.230681,30.006234,1308,1378,WGS84,0,635.2793773672288,699.0934155062623
Point (31.51429700000005596 -14.35972099999997909),ZM201800000289,ZM,2018,289,ZM,3,Eastern,3,Eastern,GPS,R,-14.359721,31.514297,1044,1096,WGS84,0,541.9007142865086,568.6465800411337
Point (28.01500500000003058 -14.75911999999993895),ZM201800000290,ZM,2018,290,ZM,1,Central,1,Central,GPS,R,-14.75912,28.015005,1002,1162,WGS84,0,466.66024846307056,506.61635752199936
Point (24.10331200000007357 -11.63781399999993482),ZM201800000291,ZM,2018,291,ZM,8,North Western,8,North Western,GPS,R,-11.637814,24.103312,1348,1344,WGS84,0,704.2836850425429,790.1079864529648
Point (28.30981200000007902 -14.93182199999995419),ZM201800000292,ZM,2018,292,ZM,1,Central,1,Central,GPS,R,-14.931822,28.309812,1160,1151,WGS84,0,465.21742770706805,502.669189130275
Point (27.68020600000005516 -15.89316499999995358),ZM201800000294,ZM,2018,294,ZM,9,Southern,9,Southern,GPS,U,-15.893165,27.680206,1020,1035,WGS84,3,498.56873016238336,535.8547564659397
Point (24.48124200000006567 -13.28144699999995737),ZM201800000295,ZM,2018,295,ZM,8,North Western,8,North Western,GPS,R,-13.281447,24.481242,9999,1087,WGS84,0,643.3735611431171,705.0250009783002
Point (28.07241900000002488 -12.88587399999994432),ZM201800000296,ZM,2018,296,ZM,2,Copperbelt,2,Copperbelt,GPS,R,-12.885874,28.072419,1246,1248,WGS84,46,450.64952256566835,537.2462364589755
Point (27.66609500000004118 -12.50429499999995642),ZM201800000297,ZM,2018,297,ZM,2,Copperbelt,2,Copperbelt,GPS,R,-12.504295,27.666095,399,1279,WGS84,22,465.1365040677208,562.3080854526974
Point (31.15471400000006952 -10.22969399999993811),ZM201800000298,ZM,2018,298,ZM,7,Northern,7,Northern,GPS,U,-10.229694,31.154714,1360,1339,WGS84,0,681.9851902983369,730.1956066327486
Point (22.91042100000004211 -15.79317299999996749),ZM201800000299,ZM,2018,299,ZM,10,Western,10,Western,GPS,R,-15.793173,22.910421,1047,1048,WGS84,0,797.4371503162959,826.9950871180869
Point (32.70069200000006049 -10.19329399999998031),ZM201800000300,ZM,2018,300,ZM,6,Muchinga,6,Muchinga,GPS,R,-10.193294,32.700692,9999,1094,WGS84,0,765.4292022540002,803.6587507066483
Point (25.2131450000000541 -14.8554089999999519),ZM201800000301,ZM,2018,301,ZM,10,Western,10,Western,GPS,R,-14.855409,25.213145,1163,1170,WGS84,0,599.2576044990224,638.6863355374147
Point (28.69095900000007759 -13.96694899999994277),ZM201800000302,ZM,2018,302,ZM,1,Central,1,Central,GPS,U,-13.966949,28.690959,1266,1266,WGS84,1,453.1282804737966,500.8951842447754
Point (28.02190500000006068 -13.70739399999996522),ZM201800000303,ZM,2018,303,ZM,2,Copperbelt,2,Copperbelt,GPS,R,-13.707394,28.021905,1229,1264,WGS84,0,453.7476006150126,514.2539201642134
Point (28.34207600000007687 -15.4617799999999761),ZM201800000304,ZM,2018,304,ZM,5,Lusaka,5,Lusaka,GPS,U,-15.46178,28.342076,788,1294,WGS84,5,474.1773562235631,510.74096213507045
Point (29.08104300000007925 -15.2249899999999343),ZM201800000305,ZM,2018,305,ZM,5,Lusaka,5,Lusaka,GPS,R,-15.22499,29.081043,827,998,WGS84,0,468.46713473452894,502.2521851305721
Point (24.78947200000004614 -15.46408899999994446),ZM201800000306,ZM,2018,306,ZM,10,Western,10,Western,GPS,R,-15.464089,24.789472,1132,1148,WGS84,0,641.0544712134425,674.7429854296728
Point (26.81406000000004042 -16.13861399999996138),ZM201800000307,ZM,2018,307,ZM,9,Southern,9,Southern,GPS,R,-16.138614,26.81406,849,1084,WGS84,0,538.5402438563937,574.2482370851019
Point (29.06098500000007334 -13.89704399999993711),ZM201800000308,ZM,2018,308,ZM,1,Central,1,Central,GPS,R,-13.897044,29.060985,1161,1185,WGS84,2,456.90916616892576,501.391243086364
Point (28.743261000000075 -16.51004499999993413),ZM201800000309,ZM,2018,309,ZM,9,Southern,9,Southern,GPS,R,-16.510045,28.743261,536,612,WGS84,0,496.5708554938663,542.9089264183131
Point (33.16168900000002395 -12.23992099999998118),ZM201800000310,ZM,2018,310,ZM,3,Eastern,3,Eastern,GPS,R,-12.239921,33.161689,1160,1134,WGS84,2,690.9944864661275,720.8855543198745
Point (28.62067600000005996 -12.92795399999994288),ZM201800000311,ZM,2018,311,ZM,2,Copperbelt,2,Copperbelt,GPS,U,-12.927954,28.620676,1330,1310,WGS84,26,453.5183751785442,528.532832157417
Point (27.55949700000007851 -15.85373799999996436),ZM201800000312,ZM,2018,312,ZM,9,Southern,9,Southern,GPS,R,-15.853738,27.559497,992,995,WGS84,0,501.22968787988924,538.0565305328203
Point (30.33212700000007089 -9.3523829999999748),ZM201800000313,ZM,2018,313,ZM,7,Northern,7,Northern,GPS,U,-9.352383,30.332127,1371,1356,WGS84,0,714.1387892415904,775.4079841644285
Point (28.16200700000007373 -15.434537999999975),ZM201800000314,ZM,2018,314,ZM,5,Lusaka,5,Lusaka,GPS,R,-15.434538,28.162007,711,1244,WGS84,5,476.140434404392,512.928301286321
Point (28.33667300000007572 -15.38057699999995975),ZM201800000315,ZM,2018,315,ZM,5,Lusaka,5,Lusaka,GPS,U,-15.380577,28.336673,1261,1236,WGS84,5,472.6833949154555,509.07476557836463
Point (28.23100200000004634 -12.84752599999995937),ZM201800000316,ZM,2018,316,ZM,2,Copperbelt,2,Copperbelt,GPS,U,-12.847526,28.231002,1242,1234,WGS84,39,450.036825794315,536.0055398173079
Point (28.26077000000003636 -15.44815599999992628),ZM201800000317,ZM,2018,317,ZM,5,Lusaka,5,Lusaka,GPS,U,-15.448156,28.26077,1271,1276,WGS84,5,474.915995410432,511.6078537784869
Point (31.2357180000000767 -8.80374299999994037),ZM201800000318,ZM,2018,318,ZM,7,Northern,7,Northern,GPS,R,-8.803743,31.235718,9999,1269,WGS84,0,793.0542618800995,845.4219180981413
Point (28.47654700000003913 -14.46189099999998007),ZM201800000319,ZM,2018,319,ZM,1,Central,1,Central,GPS,U,-14.461891,28.476547,1190,1191,WGS84,2,457.30431069381615,498.7156711978475
Point (28.7529460000000654 -9.67307899999997289),ZM201800000320,ZM,2018,320,ZM,4,Luapula,4,Luapula,GPS,R,-9.673079,28.752946,965,951,WGS84,0,648.2862032174163,734.1700352592743
Point (28.24939000000006217 -15.43985299999997096),ZM201800000321,ZM,2018,321,ZM,5,Lusaka,5,Lusaka,GPS,U,-15.439853,28.24939,151,1275,WGS84,5,474.9110724651379,511.60144929946193
Point (28.61535700000007409 -13.01572299999997995),ZM201800000322,ZM,2018,322,ZM,2,Copperbelt,2,Copperbelt,GPS,U,-13.015723,28.615357,1250,1254,WGS84,24,452.20866707618643,525.3479956239422
Point (25.49439000000006672 -12.12289999999995871),ZM201800000323,ZM,2018,323,ZM,8,North Western,8,North Western,GPS,R,-12.1229,25.49439,9999,1363,WGS84,2,581.7332448897731,676.0880003539949
Point (29.45896100000004481 -14.00912699999997812),ZM201800000324,ZM,2018,324,ZM,1,Central,1,Central,GPS,R,-14.009127,29.458961,1235,1224,WGS84,2,465.01007832667136,502.72669923539365
Point (29.25727800000004208 -13.74771199999997862),ZM201800000325,ZM,2018,325,ZM,1,Central,1,Central,GPS,R,-13.747712,29.257278,1232,1262,WGS84,2,460.80392687322114,505.0051632970169
Point (31.45324000000005071 -11.84467199999994591),ZM201800000326,ZM,2018,326,ZM,6,Muchinga,6,Muchinga,GPS,U,-11.844672,31.45324,1403,1405,WGS84,0,604.8836681052707,640.0506924357633
Point (27.38717300000007526 -15.18337199999996301),ZM201800000327,ZM,2018,327,ZM,1,Central,1,Central,GPS,R,-15.183372,27.387173,822,1079,WGS84,0,490.8990847576715,528.3367226988702
Point (28.25766400000003387 -12.78024399999998195),ZM201800000328,ZM,2018,328,ZM,2,Copperbelt,2,Copperbelt,GPS,U,-12.780244,28.257664,651,1190,WGS84,40,451.3469416427157,538.2722166140802
Point (32.64076400000004696 -13.63574199999993652),ZM201800000329,ZM,2018,329,ZM,3,Eastern,3,Eastern,GPS,U,-13.635742,32.640764,1127,1141,WGS84,0,616.7811304327281,644.5064452167206
Point (29.40306900000007317 -13.62529399999993984),ZM201800000330,ZM,2018,330,ZM,1,Central,1,Central,GPS,U,-13.625294,29.403069,1370,1315,WGS84,2,464.93786523475245,508.8478321313769
Point (32.0674260000000686 -10.54416799999995646),ZM201800000331,ZM,2018,331,ZM,6,Muchinga,6,Muchinga,GPS,U,-10.544168,32.067426,1294,1286,WGS84,0,707.8286000552146,747.1324028413958
Point (31.41692300000005389 -14.61904099999998152),ZM201800000332,ZM,2018,332,ZM,3,Eastern,3,Eastern,GPS,R,-14.619041,31.416923,1038,1047,WGS84,0,535.3123097651369,563.2766603423347
Point (32.41206700000003593 -14.03969599999993534),ZM201800000333,ZM,2018,333,ZM,3,Eastern,3,Eastern,GPS,R,-14.039696,32.412067,774,1066,WGS84,0,595.7776575863967,623.7872269424612
Point (28.57204300000006469 -9.45270899999997027),ZM201800000334,ZM,2018,334,ZM,4,Luapula,4,Luapula,GPS,R,-9.452709,28.572043,930,928,WGS84,0,665.0089403434238,753.193416654967
Point (25.84897600000005013 -17.84724599999992734),ZM201800000335,ZM,2018,335,ZM,9,Southern,9,Southern,GPS,U,-17.847246,25.848976,140,928,WGS84,0,656.971708811445,700.2465198150501
Point (26.39363200000002507 -12.15804899999994859),ZM201800000336,ZM,2018,336,ZM,8,North Western,8,North Western,GPS,U,-12.158049,26.393632,158,1329,WGS84,5,524.6581323999336,626.073595122458
Point (28.33846100000005208 -15.32930299999998169),ZM201800000337,ZM,2018,337,ZM,5,Lusaka,5,Lusaka,GPS,U,-15.329303,28.338461,1208,1201,WGS84,4,471.71095938418273,508.03166958520836
Point (29.50622900000007576 -10.37475999999998066),ZM201800000338,ZM,2018,338,ZM,7,Northern,7,Northern,GPS,R,-10.37476,29.506229,1331,1334,WGS84,0,608.8377188192289,681.2122792096316
Point (22.6213790000000472 -14.97659499999997479),ZM201800000339,ZM,2018,339,ZM,10,Western,10,Western,GPS,R,-14.976595,22.621379,1037,1031,WGS84,0,808.1738769783311,842.4290656013692
Point (26.36203900000003841 -12.18601299999994581),ZM201800000340,ZM,2018,340,ZM,8,North Western,8,North Western,GPS,U,-12.186013,26.362039,780,1377,WGS84,5,525.7536782641869,626.2726536914946
Point (28.77498000000002776 -9.76740799999993214),ZM201800000341,ZM,2018,341,ZM,4,Luapula,4,Luapula,GPS,R,-9.767408,28.77498,953,958,WGS84,0,640.6852435088488,726.4157170331409
Point (31.50179600000006985 -8.85920699999996941),ZM201800000342,ZM,2018,342,ZM,7,Northern,7,Northern,GPS,R,-8.859207,31.501796,9999,1776,WGS84,0,799.8475168740364,849.816904216575
Point (31.95291300000002366 -14.10737999999997783),ZM201800000343,ZM,2018,343,ZM,3,Eastern,3,Eastern,GPS,R,-14.10738,31.952913,999,1011,WGS84,0,568.0455728383388,594.7743957307675
Point (27.17338400000005549 -14.97064599999993106),ZM201800000344,ZM,2018,344,ZM,1,Central,1,Central,GPS,R,-14.970646,27.173384,1233,1241,WGS84,0,494.2755412141873,533.4077479825597
Point (30.95595600000007153 -14.45253299999995988),ZM201800000345,ZM,2018,345,ZM,3,Eastern,3,Eastern,GPS,R,-14.452533,30.955956,862,879,WGS84,0,514.8415971257364,541.6111747365761
Point (30.834111000000064 -14.55739299999993364),ZM201800000346,ZM,2018,346,ZM,3,Eastern,3,Eastern,GPS,R,-14.557393,30.834111,749,742,WGS84,0,509.18847694249996,536.3994301562276
Point (32.73723800000004758 -9.91610499999995909),ZM201800000347,ZM,2018,347,ZM,6,Muchinga,6,Muchinga,GPS,R,-9.916105,32.737238,1255,1264,WGS84,0,785.3920188194799,824.6164103711437
Point (28.28757200000006833 -15.44076099999995222),ZM201800000348,ZM,2018,348,ZM,5,Lusaka,5,Lusaka,GPS,U,-15.440761,28.287572,1275,1279,WGS84,5,474.4196716426314,511.04399738897354
Point (30.38672500000006949 -11.09591499999993403),ZM201800000349,ZM,2018,349,ZM,7,Northern,7,Northern,GPS,R,-11.095915,30.386725,683,1181,WGS84,0,592.6423259034528,645.7993657067252
Point (31.22246200000006411 -10.24496799999997165),ZM201800000350,ZM,2018,350,ZM,7,Northern,7,Northern,GPS,U,-10.244968,31.222462,1330,1323,WGS84,0,684.0966881709055,731.5366057649946
Point (31.32472500000005766 -14.23555599999997412),ZM201800000351,ZM,2018,351,ZM,3,Eastern,3,Eastern,GPS,U,-14.235556,31.324725,841,1031,WGS84,0,533.5608866254144,559.6715040567362
Point (28.23687000000006719 -15.38802599999996801),ZM201800000352,ZM,2018,352,ZM,5,Lusaka,5,Lusaka,GPS,U,-15.388026,28.23687,1252,1251,WGS84,5,474.0899010230908,510.6999647598561
Point (28.22499500000003536 -12.85671099999996159),ZM201800000353,ZM,2018,353,ZM,2,Copperbelt,2,Copperbelt,GPS,U,-12.856711,28.224995,863,1223,WGS84,39,449.8973838050497,535.7414403186373
Point (30.34976000000006024 -14.73377999999996746),ZM201800000354,ZM,2018,354,ZM,3,Eastern,3,Eastern,GPS,R,-14.73378,30.34976,390,397,WGS84,0,490.7426993191818,519.2825578100576
Point (33.13040100000006305 -11.1171259999999279),ZM201800000355,ZM,2018,355,ZM,6,Muchinga,6,Muchinga,GPS,R,-11.117126,33.130401,762,765,WGS84,0,739.2539052025741,772.5219692887075
Point (30.23851000000007616 -11.62098499999996193),ZM201800000356,ZM,2018,356,ZM,4,Luapula,4,Luapula,GPS,R,-11.620985,30.23851,9999,1169,WGS84,0,557.3327156963384,609.0901511433809
Point (28.38490900000005013 -15.60759299999995164),ZM201800000357,ZM,2018,357,ZM,5,Lusaka,5,Lusaka,GPS,R,-15.607593,28.384909,9999,1106,WGS84,7,476.7262032471501,513.695487691735
Point (33.05600600000002487 -12.16365599999994629),ZM201800000358,ZM,2018,358,ZM,3,Eastern,3,Eastern,GPS,R,-12.163656,33.056006,1124,1115,WGS84,0,686.8897113187504,716.8236230426909
Point (29.93275000000005548 -10.27364499999993086),ZM201800000359,ZM,2018,359,ZM,7,Northern,7,Northern,GPS,U,-10.273645,29.93275,1354,1372,WGS84,0,629.6390519858306,694.5496563787988
Point (23.00143200000002253 -15.69951499999996258),ZM201800000362,ZM,2018,362,ZM,10,Western,10,Western,GPS,R,-15.699515,23.001432,1014,1043,WGS84,0,787.6468295185294,817.7872571240783
Point (28.56294400000007272 -14.42269799999996849),ZM201800000363,ZM,2018,363,ZM,1,Central,1,Central,GPS,R,-14.422698,28.562944,1133,1166,WGS84,2,456.68469832956066,497.96502906215596
Point (27.60198700000006511 -16.22024799999996958),ZM201800000364,ZM,2018,364,ZM,9,Southern,9,Southern,GPS,R,-16.220248,27.601987,1088,1095,WGS84,0,510.51825177779887,549.3011041891549
Point (28.26455800000007912 -15.42664799999994329),ZM201800000365,ZM,2018,365,ZM,5,Lusaka,5,Lusaka,GPS,U,-15.426648,28.264558,1293,1277,WGS84,5,474.4482321912517,511.08235277870733
Point (31.30632400000007465 -14.25325299999997242),ZM201800000366,ZM,2018,366,ZM,3,Eastern,3,Eastern,GPS,U,-14.253253,31.306324,1007,1002,WGS84,0,532.4965146807024,558.6466497896408
Point (24.54799000000002707 -14.67415199999993547),ZM201800000367,ZM,2018,367,ZM,10,Western,10,Western,GPS,R,-14.674152,24.54799,885,1115,WGS84,0,644.6524779752817,685.2032724849826
Point (27.90195800000003601 -12.58549199999993107),ZM201800000368,ZM,2018,368,ZM,2,Copperbelt,2,Copperbelt,GPS,U,-12.585492,27.901958,1400,1395,WGS84,46,457.85409541912213,553.0065563409125
Point (29.13687400000003436 -11.09018199999997023),ZM201800000369,ZM,2018,369,ZM,4,Luapula,4,Luapula,GPS,R,-11.090182,29.136874,1263,1256,WGS84,3,548.9320092379804,627.2592377068562
Point (31.47059400000006235 -11.82645299999995814),ZM201800000370,ZM,2018,370,ZM,6,Muchinga,6,Muchinga,GPS,U,-11.826453,31.470594,1426,1425,WGS84,0,606.6339668816485,641.8029726568323
Point (27.86940500000002885 -16.22282099999995353),ZM201800000371,ZM,2018,371,ZM,9,Southern,9,Southern,GPS,R,-16.222821,27.869405,1169,1200,WGS84,3,502.8408673543057,542.6317252005188
Point (32.69371800000004669 -10.56369099999994887),ZM201800000372,ZM,2018,372,ZM,6,Muchinga,6,Muchinga,GPS,R,-10.563691,32.693718,635,815,WGS84,0,742.4845224779992,779.0786063822445
Point (28.78062300000004825 -14.24541399999992564),ZM201800000373,ZM,2018,373,ZM,1,Central,1,Central,GPS,R,-14.245414,28.780623,1220,1236,WGS84,2,455.57403706166275,497.5010823537746
Point (31.03076400000003332 -8.98368499999997994),ZM201800000374,ZM,2018,374,ZM,7,Northern,7,Northern,GPS,R,-8.983685,31.030764,9999,1457,WGS84,0,770.0403197282246,823.9987826807553
Point (33.17401100000006409 -12.59216299999997091),ZM201800000375,ZM,2018,375,ZM,3,Eastern,3,Eastern,GPS,R,-12.592163,33.174011,1219,1197,WGS84,2,679.1337069833039,708.6204330567022
Point (24.27907300000003943 -11.19256599999994251),ZM201800000376,ZM,2018,376,ZM,8,North Western,8,North Western,GPS,R,-11.192566,24.279073,156,1343,WGS84,0,705.8658892874024,799.7050150280301
Point (28.6419940000000679 -12.92779399999994894),ZM201800000377,ZM,2018,377,ZM,2,Copperbelt,2,Copperbelt,GPS,U,-12.927794,28.641994,1242,1315,WGS84,24,453.8898507042782,528.3935881983989
Point (25.85137200000002622 -17.8781999999999357),ZM201800000378,ZM,2018,378,ZM,9,Southern,9,Southern,GPS,U,-17.8782,25.851372,897,902,WGS84,0,658.3579877888292,701.9284162737589
Point (27.97416200000003528 -12.59070099999996728),ZM201800000379,ZM,2018,379,ZM,2,Copperbelt,2,Copperbelt,GPS,R,-12.590701,27.974162,159,1324,WGS84,46,456.7039077454813,551.2487765412058
Point (23.14061400000002777 -15.25970999999992728),ZM201800000380,ZM,2018,380,ZM,10,Western,10,Western,GAZ,U,-15.25971,23.140614,1062,1029,WGS84,0,767.3464359811438,800.3447915093544
Point (26.54895400000003747 -15.82636499999995294),ZM201800000381,ZM,2018,381,ZM,9,Southern,9,Southern,GPS,R,-15.826365,26.548954,1016,1013,WGS84,0,542.003404277244,576.5902443593601
Point (27.60480200000006334 -16.49405999999993355),ZM201800000382,ZM,2018,382,ZM,9,Southern,9,Southern,GPS,U,-16.49406,27.604802,1230,1231,WGS84,0,519.2217180200533,560.3026855713147
Point (29.77536200000002964 -10.8135279999999625),ZM201800000383,ZM,2018,383,ZM,4,Luapula,4,Luapula,GPS,R,-10.813528,29.775362,1199,1184,WGS84,0,586.7493624368843,652.4597126211496
Point (28.23673900000005688 -12.55418799999995372),ZM201800000384,ZM,2018,384,ZM,2,Copperbelt,2,Copperbelt,GPS,U,-12.554188,28.236739,160,1284,WGS84,46,457.01064239732045,548.2068837117595
Point (31.17805900000007568 -10.23328499999996666),ZM201800000385,ZM,2018,385,ZM,7,Northern,7,Northern,GPS,U,-10.233285,31.178059,1302,1310,WGS84,0,682.8204546171942,730.771135649251
Point (28.74267600000007405 -9.31283799999994244),ZM201800000386,ZM,2018,386,ZM,4,Luapula,4,Luapula,GPS,U,-9.312838,28.742676,945,945,WGS84,0,679.1089442645817,764.1841468057203
Point (28.99477500000006103 -8.4889859999999544),ZM201800000387,ZM,2018,387,ZM,4,Luapula,4,Luapula,GPS,R,-8.488986,28.994775,932,930,WGS84,2,756.8053795902345,835.6661680176773
Point (31.890399000000059 -14.401854999999955),ZM201800000388,ZM,2018,388,ZM,3,Eastern,3,Eastern,GPS,R,-14.401855,31.890399,1008,1013,WGS84,0,561.4004215307367,589.2844725467629
Point (25.84228000000007341 -13.45675699999998187),ZM201800000389,ZM,2018,389,ZM,8,North Western,8,North Western,GPS,U,-13.456757,25.84228,1224,1233,WGS84,0,544.7663770898184,610.0783507800336
Point (29.87444000000004962 -15.02021999999993795),ZM201800000390,ZM,2018,390,ZM,5,Lusaka,5,Lusaka,GPS,R,-15.02022,29.87444,894,926,WGS84,0,478.3400168772809,509.07796759556754
Point (31.31042500000006612 -12.04873899999995501),ZM201800000391,ZM,2018,391,ZM,6,Muchinga,6,Muchinga,GPS,R,-12.048739,31.310425,1403,1406,WGS84,0,588.413838007337,623.2060083538956
Point (27.85493800000006104 -12.56091499999996586),ZM201800000392,ZM,2018,392,ZM,2,Copperbelt,2,Copperbelt,GPS,U,-12.560915,27.854938,1336,1387,WGS84,38,459.2401254015275,555.1368003082538
Point (25.94052900000002637 -17.9457159999999476),ZM201800000393,ZM,2018,393,ZM,9,Southern,9,Southern,GPS,R,-17.945716,25.940529,750,953,WGS84,0,656.4719404458693,701.5142406425445
Point (27.30645800000007739 -17.34142899999994825),ZM201800000394,ZM,2018,394,ZM,9,Southern,9,Southern,GPS,R,-17.341429,27.306458,591,562,WGS84,2,561.6664512801269,611.4166655128893
Point (30.7120970000000284 -10.69498499999997421),ZM201800000395,ZM,2018,395,ZM,7,Northern,7,Northern,GPS,R,-10.694985,30.712097,943,1196,WGS84,0,631.3643419042064,682.2673216171524
Point (28.43799400000006017 -14.38553299999995261),ZM201800000396,ZM,2018,396,ZM,1,Central,1,Central,GPS,U,-14.385533,28.437994,1184,1177,WGS84,2,456.6034561062337,499.36203144537416
Point (31.5260560000000396 -14.02906999999993332),ZM201800000397,ZM,2018,397,ZM,3,Eastern,3,Eastern,GPS,R,-14.02907,31.526056,822,826,WGS84,0,546.0190836985231,571.8078974215389
Point (29.02178400000002512 -8.52880699999997205),ZM201800000398,ZM,2018,398,ZM,4,Luapula,4,Luapula,GPS,R,-8.528807,29.021784,1002,953,WGS84,2,753.4735848010721,832.133092292267
Point (32.91940100000005032 -11.36017899999995961),ZM201800000399,ZM,2018,399,ZM,6,Muchinga,6,Muchinga,GPS,R,-11.360179,32.919401,496,653,WGS84,0,713.5031593889917,746.0397007196381
Point (26.00626500000004171 -13.0348709999999528),ZM201800000400,ZM,2018,400,ZM,8,North Western,8,North Western,GPS,R,-13.034871,26.006265,1328,1340,WGS84,0,535.4111871478952,611.8400754277843
Point (26.38365200000004052 -12.16925499999996418),ZM201800000401,ZM,2018,401,ZM,8,North Western,8,North Western,GPS,U,-12.169255,26.383652,1366,1376,WGS84,5,524.9456223801031,626.0212541628434
Point (24.18403100000006134 -13.59105799999997544),ZM201800000402,ZM,2018,402,ZM,8,North Western,8,North Western,GPS,R,-13.591058,24.184031,1072,1064,WGS84,0,666.4549703693618,721.2145486562305
Point (27.76288300000004483 -15.27339299999994182),ZM201800000403,ZM,2018,403,ZM,1,Central,1,Central,GPS,R,-15.273393,27.762883,795,1010,WGS84,1,481.47037702311627,518.4981509105093
Point (32.13672400000007201 -10.98909099999997352),ZM201800000404,ZM,2018,404,ZM,6,Muchinga,6,Muchinga,GPS,R,-10.989091,32.136724,1298,1259,WGS84,0,685.7744455927156,722.2931238278877
Point (32.47396500000007791 -10.06867899999997462),ZM201800000405,ZM,2018,405,ZM,6,Muchinga,6,Muchinga,GPS,R,-10.068679,32.473965,9999,1282,WGS84,0,760.3879839077914,800.0152507889424
Point (28.26359900000005609 -12.78884999999996808),ZM201800000406,ZM,2018,406,ZM,2,Copperbelt,2,Copperbelt,GPS,R,-12.78885,28.263599,1210,1196,WGS84,40,451.22109067497604,537.8380902494252
Point (28.28646400000002359 -15.38618699999994988),ZM201800000407,ZM,2018,407,ZM,5,Lusaka,5,Lusaka,GPS,U,-15.386187,28.286464,1232,1263,WGS84,5,473.3900334402255,509.90297912016865
Point (27.73212900000004311 -15.84520699999995941),ZM201800000408,ZM,2018,408,ZM,9,Southern,9,Southern,GPS,U,-15.845207,27.732129,1038,1037,WGS84,5,495.7497798045201,533.0029543892397
Point (32.91775600000005397 -9.52352299999995466),ZM201800000409,ZM,2018,409,ZM,6,Muchinga,6,Muchinga,GPS,R,-9.523523,32.917756,1385,1393,WGS84,0,822.3745791622084,862.2812763283957
Point (32.65460600000005797 -13.66112299999997504),ZM201800000410,ZM,2018,410,ZM,3,Eastern,3,Eastern,GPS,U,-13.661123,32.654606,1136,1133,WGS84,0,617.1633193516714,644.9865416665385
Point (23.5861910000000421 -15.63333499999993137),ZM201800000411,ZM,2018,411,ZM,10,Western,10,Western,GPS,R,-15.633335,23.586191,1031,1032,WGS84,0,737.5502042593738,768.7832347825405
Point (29.15259100000002945 -11.26839099999995142),ZM201800000412,ZM,2018,412,ZM,4,Luapula,4,Luapula,GPS,R,-11.268391,29.152591,1146,1227,WGS84,2,538.2153823075175,615.4156307340058
Point (29.31821300000007113 -9.69546699999995099),ZM201800000413,ZM,2018,413,ZM,4,Luapula,4,Luapula,GPS,R,-9.695467,29.318213,1249,1248,WGS84,0,656.8769447474895,733.1926719911022
Point (27.54740300000003117 -16.43085099999996146),ZM201800000414,ZM,2018,414,ZM,9,Southern,9,Southern,GPS,R,-16.430851,27.547403,1158,1161,WGS84,0,518.9874891498952,559.2236463531574
Point (24.78520700000007082 -14.79156599999993205),ZM201800000415,ZM,2018,415,ZM,10,Western,10,Western,GPS,U,-14.791566,24.785207,1130,1135,WGS84,0,628.6274488289507,668.2135755339822
Point (27.22287700000003952 -16.70323099999995975),ZM201800000416,ZM,2018,416,ZM,9,Southern,9,Southern,GPS,R,-16.703231,27.222877,859,1212,WGS84,0,539.9936856590143,581.3110247724178
Point (28.21823700000004465 -16.52810399999992796),ZM201800000417,ZM,2018,417,ZM,9,Southern,9,Southern,GPS,R,-16.528104,28.218237,496,528,WGS84,0,504.5111804577399,548.769286492666
Point (23.27889500000003409 -16.10369199999996681),ZM201800000418,ZM,2018,418,ZM,10,Western,10,Western,GPS,U,-16.103692,23.278895,1009,1007,WGS84,0,774.1550649150141,802.8859246366377
Point (27.26324000000005299 -15.95397799999994959),ZM201800000419,ZM,2018,419,ZM,9,Southern,9,Southern,GPS,R,-15.953978,27.26324,798,994,WGS84,0,514.3704338742589,550.7170206220674
Point (33.60199400000004744 -10.53399399999995012),ZM201800000420,ZM,2018,420,ZM,6,Muchinga,6,Muchinga,GPS,R,-10.533994,33.601994,1486,1518,WGS84,0,801.6338514585848,836.5548436316031
Point (24.8138730000000578 -14.83355399999993551),ZM201800000421,ZM,2018,421,ZM,10,Western,10,Western,GPS,U,-14.833554,24.813873,1188,1186,WGS84,0,627.1803239937639,666.3421221943343
Point (33.18669000000005553 -11.77707699999996294),ZM201800000422,ZM,2018,422,ZM,3,Eastern,3,Eastern,GPS,R,-11.777077,33.18669,691,1137,WGS84,0,711.6316822381326,742.5950409541823
Point (27.45427400000005491 -16.28073499999993601),ZM201800000423,ZM,2018,423,ZM,9,Southern,9,Southern,GPS,U,-16.280735,27.454274,1100,1105,WGS84,0,517.2922775965698,555.9428222088848
Point (28.4696680000000697 -9.30262399999998024),ZM201800000424,ZM,2018,424,ZM,4,Luapula,4,Luapula,GPS,R,-9.302624,28.469668,936,941,WGS84,0,677.2570564929256,766.4624644271831
Point (31.21681200000006129 -10.29010799999997516),ZM201800000425,ZM,2018,425,ZM,7,Northern,7,Northern,GPS,R,-10.290108,31.216812,908,1313,WGS84,0,680.7951017790987,728.0585063069918
Point (31.89398900000003323 -13.85156399999993937),ZM201800000426,ZM,2018,426,ZM,3,Eastern,3,Eastern,GPS,R,-13.851564,31.893989,585,780,WGS84,0,568.4198720749811,594.3968085762936
Point (27.84684500000003027 -12.56407399999994823),ZM201800000427,ZM,2018,427,ZM,2,Copperbelt,2,Copperbelt,GPS,U,-12.564074,27.846845,159,1354,WGS84,38,459.3237379231398,555.1831730793177
Point (24.44462500000003047 -13.45430599999997412),ZM201800000428,ZM,2018,428,ZM,8,North Western,8,North Western,GPS,R,-13.454306,24.444625,9999,1153,WGS84,0,645.6829445126274,704.0594934192881
Point (27.41463800000002493 -12.81384199999996554),ZM201800000429,ZM,2018,429,ZM,2,Copperbelt,2,Copperbelt,GPS,R,-12.813842,27.414638,1030,1256,WGS84,0,467.9869870444447,556.7797697612843
Point (26.41004500000002508 -11.9784909999999627),ZM201800000430,ZM,2018,430,ZM,8,North Western,8,North Western,GPS,R,-11.978491,26.410045,1484,1479,WGS84,5,528.6147392053487,634.042889424416
Point (29.59774000000004435 -11.84309799999994084),ZM201800000431,ZM,2018,431,ZM,4,Luapula,4,Luapula,GPS,R,-11.843098,29.59774,919,1171,WGS84,0,521.0381486928044,583.8738358824033
Point (25.71642900000006193 -12.04812399999997297),ZM201800000432,ZM,2018,432,ZM,8,North Western,8,North Western,GPS,R,-12.048124,25.716429,556,1302,WGS84,1,568.391463655249,666.5905970510394
Point (26.99611500000003161 -16.51792799999992667),ZM201800000433,ZM,2018,433,ZM,9,Southern,9,Southern,GPS,R,-16.517928,26.996115,1184,1189,WGS84,0,542.7982697961953,581.3500612970366
Point (29.0775660000000471 -9.68619999999992842),ZM201800000434,ZM,2018,434,ZM,4,Luapula,4,Luapula,GPS,R,-9.6862,29.077566,1331,1335,WGS84,0,652.5633117942001,732.9575767869736
Point (26.88640700000007655 -16.93749799999994821),ZM201800000435,ZM,2018,435,ZM,9,Southern,9,Southern,GPS,R,-16.937498,26.886407,1282,1291,WGS84,0,562.785798454452,604.6595830652738
Point (28.38956000000007407 -15.44401399999998148),ZM201800000436,ZM,2018,436,ZM,5,Lusaka,5,Lusaka,GPS,U,-15.444014,28.38956,9999,1291,WGS84,4,473.3312984858049,509.7319989860029
Point (28.45736900000002834 -13.25492899999994734),ZM201800000437,ZM,2018,437,ZM,2,Copperbelt,2,Copperbelt,GPS,R,-13.254929,28.457369,1173,1223,WGS84,13,449.3209159641304,518.8313423436484
Point (32.59623000000004822 -13.75498899999996638),ZM201800000438,ZM,2018,438,ZM,3,Eastern,3,Eastern,GPS,R,-13.754989,32.59623,1102,1066,WGS84,0,611.7385609879977,639.5503817084407
Point (28.27385200000003351 -15.46517999999997528),ZM201800000439,ZM,2018,439,ZM,5,Lusaka,5,Lusaka,GPS,U,-15.46518,28.273852,1285,1278,WGS84,5,475.07313976864026,511.7877854967373
Point (28.30728500000003578 -15.41198799999995117),ZM201800000440,ZM,2018,440,ZM,5,Lusaka,5,Lusaka,GPS,U,-15.411988,28.307285,9999,1290,WGS84,5,473.62167713260123,510.13934696766887
Point (23.21274500000004082 -13.31436699999994744),ZM201800000441,ZM,2018,441,ZM,8,North Western,8,North Western,GPS,R,-13.314367,23.212745,1076,1069,WGS84,0,750.2626921589231,803.9846845654702
Point (28.93465200000002824 -11.00737399999997024),ZM201800000442,ZM,2018,442,ZM,4,Luapula,4,Luapula,GPS,R,-11.007374,28.934652,1286,1317,WGS84,3,549.2936906242036,632.570617253539
Point (32.63303100000007362 -13.7062729999999533),ZM201800000443,ZM,2018,443,ZM,3,Eastern,3,Eastern,GPS,U,-13.706273,32.633031,1045,1070,WGS84,0,614.9452135810703,642.7822175806263
Point (28.23168300000003228 -15.42180599999994683),ZM201800000444,ZM,2018,444,ZM,5,Lusaka,5,Lusaka,GPS,U,-15.421806,28.231683,1274,1271,WGS84,5,474.81218380285003,511.49078995144646
Point (31.15068200000007437 -8.83913599999993949),ZM201800000445,ZM,2018,445,ZM,7,Northern,7,Northern,GPS,R,-8.839136,31.150682,9999,1061,WGS84,0,786.6764853655458,839.7612954261159
Point (22.42738600000006954 -15.8109789999999748),ZM201800000446,ZM,2018,446,ZM,10,Western,10,Western,GPS,R,-15.810979,22.427386,1033,1035,WGS84,0,839.5378167631632,868.4106156340737
Point (32.75367400000004636 -9.32444599999996626),ZM201800000447,ZM,2018,447,ZM,6,Muchinga,6,Muchinga,GPS,U,-9.324446,32.753674,1624,1627,WGS84,0,827.034871491633,868.1658952049983
Point (30.91217200000005505 -10.12631899999996676),ZM201800000448,ZM,2018,448,ZM,7,Northern,7,Northern,GPS,R,-10.126319,30.912172,1355,1341,WGS84,0,678.2531465919903,729.6480502763719
Point (32.87124100000005456 -13.44460199999997485),ZM201800000449,ZM,2018,449,ZM,3,Eastern,3,Eastern,GPS,R,-13.444602,32.871241,1108,1112,WGS84,0,635.554950535376,663.8385918752879
Point (28.28224500000004582 -15.60355099999998174),ZM201800000450,ZM,2018,450,ZM,5,Lusaka,5,Lusaka,GPS,R,-15.603551,28.282245,9999,1184,WGS84,8,477.8497426112722,514.9837198023948
Point (28.72564400000004525 -11.74282899999997198),ZM201800000451,ZM,2018,451,ZM,4,Luapula,4,Luapula,GPS,R,-11.742829,28.725644,1342,1340,WGS84,0,500.5539322872174,585.8314681697673
Point (32.52247400000004518 -13.85657699999995884),ZM201800000452,ZM,2018,452,ZM,3,Eastern,3,Eastern,GPS,R,-13.856577,32.522474,1097,1100,WGS84,0,605.3808250353969,633.1861550237579
Point (30.45368045659595424 -8.42882882080503038),ZM201800000453,ZM,2018,453,ZM,7,Northern,7,Northern,GPS,R,-8.428828821,30.45368046,782,787,WGS84,0,796.323321584386,856.9818013523719
Point (28.34168200000004845 -15.36226599999997688),ZM201800000454,ZM,2018,454,ZM,5,Lusaka,5,Lusaka,GPS,U,-15.362266,28.341682,1224,1223,WGS84,5,472.28492953914593,508.63574694637134
Point (31.89423300000004247 -9.21834399999994503),ZM201800000455,ZM,2018,455,ZM,7,Northern,7,Northern,GPS,R,-9.218344,31.894233,9999,1398,WGS84,0,789.8925714883172,835.9783018465912
Point (28.43250800000004119 -13.15515399999998181),ZM201800000456,ZM,2018,456,ZM,2,Copperbelt,2,Copperbelt,GPS,U,-13.155154,28.432508,158,1236,WGS84,30,449.24728079151913,522.2635601511528
Point (28.31771000000003369 -15.44257799999996905),ZM201800000457,ZM,2018,457,ZM,5,Lusaka,5,Lusaka,GPS,U,-15.442578,28.31771,1289,1283,WGS84,5,474.0843043700113,510.6509079667759
Point (31.82102000000003272 -10.93295999999998003),ZM201800000458,ZM,2018,458,ZM,6,Muchinga,6,Muchinga,GPS,R,-10.93296,31.82102,1343,1431,WGS84,0,671.4645446071908,710.0395509447139
Point (29.66655700000006846 -8.47237999999993008),ZM201800000459,ZM,2018,459,ZM,7,Northern,7,Northern,GPS,R,-8.47238,29.666557,957,960,WGS84,0,770.6678771764743,840.8374445623201
Point (29.62203800000003184 -11.74407699999994747),ZM201800000460,ZM,2018,460,ZM,4,Luapula,4,Luapula,GPS,R,-11.744077,29.622038,1178,1176,WGS84,0,526.8117108874053,589.9207068983851
Point (28.65088100000002669 -12.98137399999995978),ZM201800000461,ZM,2018,461,ZM,2,Copperbelt,2,Copperbelt,GAZ,U,-12.981374,28.650881,987,1291,WGS84,17,453.1980190414616,526.3484980727322
Point (28.30365600000004633 -15.39130999999997584),ZM201800000462,ZM,2018,462,ZM,5,Lusaka,5,Lusaka,GPS,U,-15.39131,28.303656,1261,1260,WGS84,5,473.2729933759024,509.75827031135697
Point (24.65354400000006763 -17.23624199999994744),ZM201800000463,ZM,2018,463,ZM,10,Western,10,Western,GPS,R,-17.236242,24.653544,934,979,WGS84,0,707.2264802045927,738.9404984311162
Point (28.21420500000004949 -12.59863299999994979),ZM201800000464,ZM,2018,464,ZM,2,Copperbelt,2,Copperbelt,GPS,U,-12.598633,28.214205,1262,1269,WGS84,46,455.57766838772415,546.5816299359487
Point (23.19129600000002256 -13.48180999999993901),ZM201800000465,ZM,2018,465,ZM,8,North Western,8,North Western,GPS,R,-13.48181,23.191296,1076,1087,WGS84,0,751.2279206568651,802.656134233255
Point (23.58068300000007866 -14.9975669999999468),ZM201800000466,ZM,2018,466,ZM,10,Western,10,Western,GPS,R,-14.997567,23.580683,1053,1065,WGS84,0,726.2051512699929,761.8993959457579
Point (23.25402500000006967 -14.35765099999997574),ZM201800000467,ZM,2018,467,ZM,10,Western,10,Western,GPS,U,-14.357651,23.254025,1054,1052,WGS84,0,746.8503622376112,788.073808156436
Point (25.88020200000005389 -17.83248199999997041),ZM201800000468,ZM,2018,468,ZM,9,Southern,9,Southern,GPS,U,-17.832482,25.880202,939,934,WGS84,0,654.395081942189,697.8266380105655
Point (28.73742000000004282 -9.33296799999993709),ZM201800000470,ZM,2018,470,ZM,4,Luapula,4,Luapula,GPS,U,-9.332968,28.73742,945,948,WGS84,0,677.2845271560759,762.5008119575101
Point (22.88633300000003601 -15.14592999999996437),ZM201800000471,ZM,2018,471,ZM,10,Western,10,Western,GPS,R,-15.14593,22.886333,1022,1017,WGS84,0,787.3463810304152,820.7779265605054
Point (26.4076710000000503 -12.16867899999994052),ZM201800000472,ZM,2018,472,ZM,8,North Western,8,North Western,GPS,U,-12.168679,26.407671,1360,1357,WGS84,5,523.6609134252834,624.9055258421695
Point (24.17512300000004188 -14.56053699999995388),ZM201800000473,ZM,2018,473,ZM,10,Western,10,Western,GPS,R,-14.560537,24.175123,616,1082,WGS84,0,672.2196358022686,713.3803168040157
Point (32.89766000000003032 -12.47535599999997658),ZM201800000474,ZM,2018,474,ZM,3,Eastern,3,Eastern,GPS,R,-12.475356,32.89766,163,1034,WGS84,2,664.8132143307653,693.9634529146512
Point (24.21222500000004629 -13.60421699999994871),ZM201800000475,ZM,2018,475,ZM,8,North Western,8,North Western,GPS,U,-13.604217,24.212225,1099,1106,WGS84,0,664.1479753099388,718.8333688379246
Point (28.9353560000000698 -14.69692299999996976),ZM201800000476,ZM,2018,476,ZM,1,Central,1,Central,GPS,R,-14.696923,28.935356,1103,1099,WGS84,0,460.8184825813115,496.4718148717579
Point (28.19778100000007726 -12.80330599999996366),ZM201800000477,ZM,2018,477,ZM,2,Copperbelt,2,Copperbelt,GPS,U,-12.803306,28.197781,706,1248,WGS84,46,450.6407006032992,538.2720474826972
Point (27.06096400000006952 -15.01032199999997374),ZM201800000478,ZM,2018,478,ZM,1,Central,1,Central,GPS,U,-15.010322,27.060964,909,1154,WGS84,0,499.44976370177335,538.2323576190875
Point (30.17586000000005697 -13.29717699999997649),ZM201800000479,ZM,2018,479,ZM,1,Central,1,Central,GPS,R,-13.297177,30.17586,1043,1361,WGS84,0,495.627090624256,531.9144195764785
Point (31.45747400000004745 -11.60763899999994919),ZM201800000480,ZM,2018,480,ZM,6,Muchinga,6,Muchinga,GPS,R,-11.607639,31.457474,1392,1401,WGS84,0,616.2537366021819,653.0292705321893
Point (27.03350900000003776 -12.30376799999993409),ZM201800000481,ZM,2018,481,ZM,8,North Western,8,North Western,GPS,R,-12.303768,27.033509,1380,1372,WGS84,0,491.3792655393737,591.8645646708278
Point (30.44211300000006304 -12.21070499999996173),ZM201800000482,ZM,2018,482,ZM,6,Muchinga,6,Muchinga,GPS,R,-12.210705,30.442113,671,1175,WGS84,0,539.3562320942777,582.5848773968331
Point (32.7482850000000667 -9.31488599999994449),ZM201800000483,ZM,2018,483,ZM,6,Muchinga,6,Muchinga,GPS,U,-9.314886,32.748285,1631,1632,WGS84,0,827.4185099249144,868.5995320481684
Point (28.78815900000006422 -15.50099199999993971),ZM201800000484,ZM,2018,484,ZM,5,Lusaka,5,Lusaka,GPS,R,-15.500992,28.788159,1066,1031,WGS84,0,472.2530471428583,507.86489541457547
Point (25.69169300000004341 -13.39448399999997719),ZM201800000485,ZM,2018,485,ZM,8,North Western,8,North Western,GPS,R,-13.394484,25.691693,1290,1293,WGS84,0,554.4627726869419,620.5290590765173
Point (29.64454200000005812 -11.11676499999992984),ZM201800000486,ZM,2018,486,ZM,4,Luapula,4,Luapula,GPS,R,-11.116765,29.644542,1180,1176,WGS84,0,562.8670750313978,629.7286169056559
Point (24.82310600000005252 -11.72069699999997283),ZM201800000487,ZM,2018,487,ZM,8,North Western,8,North Western,GPS,R,-11.720697,24.823106,1494,1482,WGS84,0,642.5724881630654,736.7596276279922
Point (32.64932600000003049 -13.64592599999997447),ZM201800000488,ZM,2018,488,ZM,3,Eastern,3,Eastern,GPS,U,-13.645926,32.649326,1171,1153,WGS84,0,617.1234079607977,644.898282470773
Point (28.4262880000000564 -14.46644699999995964),ZM201800000489,ZM,2018,489,ZM,1,Central,1,Central,GPS,U,-14.466447,28.426288,1182,1186,WGS84,2,457.5735444452746,499.2767186166696
Point (23.67410200000006171 -13.86886599999996861),ZM201800000490,ZM,2018,490,ZM,8,North Western,8,North Western,GPS,R,-13.868866,23.674102,1077,1082,WGS84,0,708.9089185860764,757.3692746766859
Point (28.77048700000005965 -11.49961099999995895),ZM201800000491,ZM,2018,491,ZM,4,Luapula,4,Luapula,GPS,R,-11.499611,28.770487,1369,1357,WGS84,1,515.0278553957417,600.4402956394307
Point (31.71130800000003092 -9.75780399999996462),ZM201800000492,ZM,2018,492,ZM,7,Northern,7,Northern,GPS,R,-9.757804,31.711308,1262,1231,WGS84,0,741.3222528924341,786.7643900425122
Point (31.04606200000006311 -9.99082699999996748),ZM201800000493,ZM,2018,493,ZM,7,Northern,7,Northern,GPS,R,-9.990827,31.046062,1363,1336,WGS84,0,693.6985591159192,744.2040501703077
Point (26.51060600000005252 -16.32795899999996436),ZM201800000494,ZM,2018,494,ZM,9,Southern,9,Southern,GPS,R,-16.327959,26.510606,1132,1171,WGS84,0,559.0529618076681,594.5668816206761
Point (28.63019600000006903 -13.02319699999998193),ZM201800000495,ZM,2018,495,ZM,2,Copperbelt,2,Copperbelt,GPS,U,-13.023197,28.630196,1278,1278,WGS84,21,452.34872658550256,524.9764949691296
Point (27.75804700000003322 -15.84541999999993322),ZM201800000496,ZM,2018,496,ZM,9,Southern,9,Southern,GPS,U,-15.84542,27.758047,810,1029,WGS84,5,495.0185413080179,532.341079123656
Point (28.24580700000007027 -15.43193299999995816),ZM201800000497,ZM,2018,497,ZM,5,Lusaka,5,Lusaka,GPS,U,-15.431933,28.245807,1274,1276,WGS84,5,474.80747361534407,511.48541260289943
Point (28.6712060000000406 -12.94831699999997454),ZM201800000498,ZM,2018,498,ZM,2,Copperbelt,2,Copperbelt,GPS,U,-12.948317,28.671206,1270,1271,WGS84,13,454.0641300358228,527.4422493995496
Point (23.00529400000004898 -14.61588499999993473),ZM201800000499,ZM,2018,499,ZM,10,Western,10,Western,GPS,R,-14.615885,23.005294,1028,1031,WGS84,0,770.4954422504585,808.5368754493935
Point (32.64078700000004574 -10.16409799999996721),ZM201800000500,ZM,2018,500,ZM,6,Muchinga,6,Muchinga,GPS,U,-10.164098,32.640787,9999,1324,WGS84,0,763.787038612021,802.3495709736432
Point (28.71590200000002824 -9.97737399999994068),ZM201800000501,ZM,2018,501,ZM,4,Luapula,4,Luapula,GPS,R,-9.977374,28.715902,956,953,WGS84,0,622.5039038628785,709.7455475933109
Point (29.04344900000006646 -9.0384059999999522),ZM201800000502,ZM,2018,502,ZM,4,Luapula,4,Luapula,GAZ,R,-9.038406,29.043449,9999,945,WGS84,0,707.6036731683895,787.4043785439144
Point (28.6590420000000563 -10.48997699999995348),ZM201800000503,ZM,2018,503,ZM,4,Luapula,4,Luapula,GPS,R,-10.489977,28.659042,956,947,WGS84,0,581.1934886696977,670.4779278801032
Point (25.83326500000003989 -17.8472969999999691),ZM201800000504,ZM,2018,504,ZM,9,Southern,9,Southern,GPS,U,-17.847297,25.833265,929,938,WGS84,0,657.9100097877102,701.040409595356
Point (29.64964400000002342 -8.46119099999992841),ZM201800000505,ZM,2018,505,ZM,7,Northern,7,Northern,GPS,U,-8.461191,29.649644,950,949,WGS84,2,771.2960080337214,841.665016897097
Point (27.81793600000003153 -15.76451899999995021),ZM201800000506,ZM,2018,506,ZM,9,Southern,9,Southern,GPS,U,-15.764519,27.817936,985,983,WGS84,6,491.254374153508,528.460418505682
Point (31.6511040000000321 -11.70583899999996902),ZM201800000507,ZM,2018,507,ZM,6,Muchinga,6,Muchinga,GPS,R,-11.705839,31.651104,1135,1292,WGS84,0,621.9379059118327,656.7240181682777
Point (28.68261600000005274 -13.9758059999999773),ZM201800000508,ZM,2018,508,ZM,1,Central,1,Central,GPS,U,-13.975806,28.682616,1270,1270,WGS84,1,453.1361681651445,500.82047109417914
Point (28.36694800000003625 -15.30861899999996467),ZM201800000509,ZM,2018,509,ZM,5,Lusaka,5,Lusaka,GPS,R,-15.308619,28.366948,1193,1168,WGS84,3,471.0276114643347,507.2585116586123
Point (27.16200300000002699 -16.33842499999997244),ZM201800000510,ZM,2018,510,ZM,9,Southern,9,Southern,GPS,R,-16.338425,27.162003,1064,1066,WGS84,0,529.9949086178975,567.9200487759174
Point (31.43952400000006264 -9.26145199999996294),ZM201800000511,ZM,2018,511,ZM,7,Northern,7,Northern,GPS,R,-9.261452,31.439524,1678,1690,WGS84,0,765.3645058744357,814.8064512541443
Point (23.09588000000002239 -13.51332299999995712),ZM201800000512,ZM,2018,512,ZM,8,North Western,8,North Western,GPS,R,-13.513323,23.09588,1046,1057,WGS84,0,759.5292083084473,810.0957002536992
Point (27.88325500000007651 -12.84806699999995772),ZM201800000513,ZM,2018,513,ZM,2,Copperbelt,2,Copperbelt,GPS,R,-12.848067,27.883255,888,1270,WGS84,39,454.1630435153032,542.6252651607851
Point (28.42337200000002895 -13.05606099999994285),ZM201800000514,ZM,2018,514,ZM,2,Copperbelt,2,Copperbelt,GPS,R,-13.056061,28.423372,1259,1250,WGS84,32,449.5491773873787,525.7148270486548
Point (25.16762800000003608 -16.78294199999993452),ZM201800000515,ZM,2018,515,ZM,10,Western,10,Western,GPS,R,-16.782942,25.167628,561,981,WGS84,0,654.1804774671615,686.581361775939
Point (23.18136200000003555 -15.3680899999999383),ZM201800000516,ZM,2018,516,ZM,10,Western,10,Western,GPS,R,-15.36809,23.181362,805,1031,WGS84,0,765.8041005979757,798.1231405300897
Point (28.28760700000003681 -15.45873799999998255),ZM201800000517,ZM,2018,517,ZM,5,Lusaka,5,Lusaka,GPS,U,-15.458738,28.287607,1286,1281,WGS84,5,474.76857668395445,511.43991311117514
Point (32.39339400000005753 -12.08980399999995825),ZM201800000518,ZM,2018,518,ZM,6,Muchinga,6,Muchinga,GPS,R,-12.089804,32.393394,486,602,WGS84,0,647.8495186516801,677.9615796542658
Point (28.24214900000004036 -15.37483599999995931),ZM201800000519,ZM,2018,519,ZM,5,Lusaka,5,Lusaka,GPS,U,-15.374836,28.242149,1245,1261,WGS84,5,473.76523279151064,510.3471445139693
Point (32.28605900000007978 -9.97868599999992512),ZM201800000520,ZM,2018,520,ZM,6,Muchinga,6,Muchinga,GPS,R,-9.978686,32.286059,1260,1283,WGS84,0,755.8999199891753,796.7895001642682
Point (28.40563700000006975 -14.44235999999995101),ZM201800000521,ZM,2018,521,ZM,1,Central,1,Central,GPS,U,-14.44236,28.405637,1192,1196,WGS84,2,457.4125537670177,499.57690932312465
Point (29.42152500000003101 -9.96575399999994715),ZM201800000522,ZM,2018,522,ZM,4,Luapula,4,Luapula,GPS,R,-9.965754,29.421525,1236,1235,WGS84,0,637.6799321782094,712.1552558574556
Point (32.63519200000007459 -13.62072499999993624),ZM201800000523,ZM,2018,523,ZM,3,Eastern,3,Eastern,GPS,U,-13.620725,32.635192,899,1126,WGS84,0,616.7246647110518,644.4040152856758
Point (29.41822500000006357 -13.86281199999996261),ZM201800000524,ZM,2018,524,ZM,1,Central,1,Central,GPS,R,-13.862812,29.418225,1297,1314,WGS84,2,464.26662471305303,504.41673301131107
Point (31.39494100000007393 -14.03018599999995786),ZM201800000525,ZM,2018,525,ZM,3,Eastern,3,Eastern,GPS,R,-14.030186,31.394941,899,901,WGS84,0,539.3026134538545,565.0488495917506
Point (23.13686300000006213 -15.27058199999993349),ZM201800000526,ZM,2018,526,ZM,10,Western,10,Western,GPS,U,-15.270582,23.136863,1028,1037,WGS84,0,767.8507354407776,800.7678517615459
Point (33.15899400000006381 -13.97831899999994221),ZM201800000527,ZM,2018,527,ZM,3,Eastern,3,Eastern,GPS,R,-13.978319,33.158994,959,1036,WGS84,0,644.683148075849,675.7358111405304
Point (27.70786900000007336 -14.79972999999995409),ZM201800000528,ZM,2018,528,ZM,1,Central,1,Central,GPS,R,-14.79973,27.707869,894,1132,WGS84,0,474.03529221698597,514.3518176751178
Point (31.77035800000004429 -10.72399299999995037),ZM201800000529,ZM,2018,529,ZM,6,Muchinga,6,Muchinga,GPS,R,-10.723993,31.770358,1063,1345,WGS84,0,680.9619110777905,721.0983735346816
Point (32.68204400000007581 -13.54572099999995771),ZM201800000530,ZM,2018,530,ZM,3,Eastern,3,Eastern,GPS,R,-13.545721,32.682044,160,1095,WGS84,0,621.2087663422208,648.9409275395249
Point (28.45524300000005269 -14.44231799999994337),ZM201800000531,ZM,2018,531,ZM,1,Central,1,Central,GPS,U,-14.442318,28.455243,924,1203,WGS84,2,457.1531182685222,498.9912213174845
Point (28.14420400000005884 -16.17789599999997563),ZM201800000532,ZM,2018,532,ZM,9,Southern,9,Southern,GPS,R,-16.177896,28.144204,1309,1344,WGS84,4,495.1336700884455,535.4633342683569
Point (32.76159489954818582 -9.32817193956628898),ZM201800000533,ZM,2018,533,ZM,6,Muchinga,6,Muchinga,GPS,U,-9.32817194,32.7615949,9999,1683,WGS84,0,827.2124833555671,868.299684288884
Point (24.07984700000002931 -16.28844399999996995),ZM201800000534,ZM,2018,534,ZM,10,Western,10,Western,GPS,R,-16.288444,24.079847,1018,1027,WGS84,0,715.6402954275537,745.0800378536704
Point (27.38868700000006129 -15.38506499999994048),ZM201800000535,ZM,2018,535,ZM,1,Central,1,Central,GPS,R,-15.385065,27.388687,1008,1010,WGS84,0,495.24684215976936,531.7745739904228
Point (25.84703600000005963 -12.31189599999993334),ZM201800000536,ZM,2018,536,ZM,8,North Western,8,North Western,GPS,R,-12.311896,25.847036,1387,1378,WGS84,1,554.0315036644976,647.4512303539325
Point (28.09312400000004573 -15.34204399999993029),ZM201800000537,ZM,2018,537,ZM,5,Lusaka,5,Lusaka,GPS,R,-15.342044,28.093124,1188,1193,WGS84,5,475.5240496937824,512.2899117777812
Point (27.25930500000004031 -12.94665999999995165),ZM201800000538,ZM,2018,538,ZM,2,Copperbelt,2,Copperbelt,GPS,R,-12.94666,27.259305,963,1231,WGS84,0,472.58434654405806,557.0935470864248
Point (26.50721700000002556 -16.64647499999995262),ZM201800000539,ZM,2018,539,ZM,9,Southern,9,Southern,GPS,R,-16.646475,26.507217,885,1254,WGS84,0,570.0905609014974,607.4084803330595
Point (28.34868700000004083 -15.39249299999994491),ZM201800000540,ZM,2018,540,ZM,5,Lusaka,5,Lusaka,GPS,U,-15.392493,28.348687,1269,1268,WGS84,5,472.7742174842129,509.15810907377215
Point (28.37006700000006276 -15.41608099999996284),ZM201800000541,ZM,2018,541,ZM,5,Lusaka,5,Lusaka,GPS,U,-15.416081,28.370067,1263,1265,WGS84,4,472.993168719835,509.37378190163025
Point (32.9469550000000595 -11.15045299999997042),ZM201800000542,ZM,2018,542,ZM,6,Muchinga,6,Muchinga,GPS,R,-11.150453,32.946955,660,677,WGS84,0,725.7804609358957,759.152135663495
Point (28.29957000000007383 -15.76991799999996147),ZM201800000543,ZM,2018,543,ZM,5,Lusaka,5,Lusaka,GPS,R,-15.769918,28.29957,9999,1086,WGS84,7,481.47737921332896,519.3031166989664
Point (30.03949500000004491 -12.87639199999995299),ZM201800000544,ZM,2018,544,ZM,1,Central,1,Central,GPS,R,-12.876392,30.039495,884,1259,WGS84,0,499.6253568180484,542.5216139662144
Point (32.60890500000004977 -9.42195399999997107),ZM201800000545,ZM,2018,545,ZM,6,Muchinga,6,Muchinga,GPS,R,-9.421954,32.608905,9999,1394,WGS84,0,812.0138614895782,853.4754945550087
